# This file is brought to you by Roblox Corporation
# Generated by Roblox Studio

mtllib SCP Office Chair.mtl

g ScpOfficeChair1

v 27.7332 5.4129 33.5344 
v 26.4852 5.38797 33.5344 
v 27.6839 6.14392 33.5479 
v 26.4852 6.13913 33.5479 
v 27.5928 6.61224 33.5458 
v 26.4842 6.53553 33.5457 
v 27.4633 7.01499 33.5252 
v 26.4852 6.88073 33.5252 
v 27.2284 7.33623 33.4868 
v 26.4842 7.27391 33.4868 
v 26.8017 7.48966 33.4869 
v 26.4842 7.48966 33.4869 
v 26.4852 5.06435 33.5147 
v 27.6599 5.07874 33.5147 
v 26.4852 4.89573 33.4864 
v 27.3866 4.83819 33.4864 
v 26.4852 4.66079 33.4863 
v 26.9695 4.69435 33.4863 
v 26.4853 5.38067 33.7212 
v 27.7334 5.4056 33.7212 
v 26.4847 6.15051 33.7345 
v 27.6834 6.15531 33.7345 
v 27.5923 6.62531 33.7322 
v 26.4847 6.54863 33.7326 
v 27.4633 7.01495 33.7121 
v 26.4842 6.8807 33.7121 
v 27.2284 7.33619 33.6737 
v 26.4842 7.27388 33.6737 
v 26.8017 7.48963 33.6737 
v 26.4842 7.48963 33.6737 
v 26.485 5.04608 33.7007 
v 27.6597 5.06047 33.7007 
v 26.4849 4.88302 33.6728 
v 27.3863 4.82546 33.6732 
v 26.4852 4.66076 33.6732 
v 26.9695 4.69431 33.6732 
v 27.6839 6.14392 33.5479 
v 27.7332 5.4129 33.5344 
v 27.5928 6.61224 33.5458 
v 27.6599 5.07874 33.5147 
v 27.4633 7.01499 33.5252 
v 27.2284 7.33623 33.4868 
v 26.8017 7.48966 33.4869 
v 26.4842 7.48966 33.4869 
v 27.3866 4.83819 33.4864 
v 26.9695 4.69435 33.4863 
v 26.4852 4.66079 33.4863 
v 25.2361 5.4129 33.5344 
v 25.2855 6.14392 33.5479 
v 25.3766 6.61224 33.5458 
v 26.4842 6.53553 33.5457 
v 25.5061 7.01499 33.5252 
v 26.4852 6.88073 33.5252 
v 25.741 7.33623 33.4868 
v 26.4842 7.27391 33.4868 
v 26.1677 7.48966 33.4869 
v 26.4852 5.06435 33.5147 
v 25.3095 5.07874 33.5147 
v 26.4852 4.89573 33.4864 
v 25.5828 4.83819 33.4864 
v 25.9999 4.69435 33.4863 
v 25.236 5.4056 33.7212 
v 26.4853 5.38067 33.7212 
v 25.286 6.15531 33.7345 
v 26.4847 6.15051 33.7345 
v 25.3771 6.62531 33.7322 
v 26.4847 6.54863 33.7326 
v 25.5061 7.01495 33.7121 
v 26.4842 6.8807 33.7121 
v 25.741 7.33619 33.6737 
v 26.4842 7.27388 33.6737 
v 26.1677 7.48963 33.6737 
v 26.4842 7.48963 33.6737 
v 26.485 5.04608 33.7007 
v 25.3097 5.06047 33.7007 
v 26.4849 4.88302 33.6728 
v 25.583 4.82546 33.6732 
v 26.4852 4.66076 33.6732 
v 25.9999 4.69431 33.6732 
v 25.2855 6.14392 33.5479 
v 25.2361 5.4129 33.5344 
v 25.3766 6.61224 33.5458 
v 25.3095 5.07874 33.5147 
v 25.5061 7.01499 33.5252 
v 25.741 7.33623 33.4868 
v 26.1677 7.48966 33.4869 
v 26.4842 7.48966 33.4869 
v 25.5828 4.83819 33.4864 
v 25.9999 4.69435 33.4863 
v 26.4852 4.66079 33.4863 
v 26.4852 4.41553 33.0809 
v 27.7332 4.4168 33.0606 
v 26.4842 4.37076 32.4696 
v 27.6839 4.37101 32.4657 
v 27.5928 4.35112 32.0691 
v 26.4852 4.35762 32.1312 
v 27.4633 4.34543 31.7385 
v 26.4852 4.35679 31.8473 
v 27.2284 4.37117 31.4705 
v 26.4852 4.37645 31.521 
v 26.8017 4.35818 31.3461 
v 26.4719 4.35818 31.3461 
v 26.4842 4.42631 33.3446 
v 27.6599 4.42705 33.3329 
v 26.4842 4.45709 33.4826 
v 27.3866 4.45415 33.5294 
v 26.4852 4.44509 33.6736 
v 26.9695 4.44679 33.6463 
v 27.7334 4.15663 33.0609 
v 26.4841 4.15536 33.0812 
v 27.6834 4.1121 32.4508 
v 26.4847 4.11186 32.4548 
v 27.5923 4.09335 32.096 
v 26.4847 4.09922 32.1582 
v 27.4633 4.08812 31.7762 
v 26.4852 4.09948 31.885 
v 27.2284 4.11388 31.5081 
v 26.4852 4.11915 31.5586 
v 26.8017 4.10089 31.3838 
v 26.4842 4.10089 31.3838 
v 26.4844 4.16663 33.3538 
v 27.6597 4.16738 33.3422 
v 26.4845 4.19706 33.4873 
v 27.3863 4.19352 33.5341 
v 26.4842 4.1851 33.668 
v 26.9695 4.18682 33.6407 
v 27.6834 4.1121 32.4508 
v 27.7334 4.15663 33.0609 
v 27.5923 4.09335 32.096 
v 27.6597 4.16738 33.3422 
v 27.4633 4.08812 31.7762 
v 27.2284 4.11388 31.5081 
v 26.8017 4.10089 31.3838 
v 26.4842 4.10089 31.3838 
v 27.3863 4.19352 33.5341 
v 26.9695 4.18682 33.6407 
v 26.4842 4.1851 33.668 
v 25.2361 4.4168 33.0606 
v 26.4852 4.41553 33.0809 
v 25.2855 4.37101 32.4657 
v 26.4842 4.37076 32.4696 
v 25.3766 4.35112 32.0691 
v 26.4852 4.35762 32.1312 
v 25.5061 4.34543 31.7385 
v 26.4852 4.35679 31.8473 
v 25.741 4.37117 31.4705 
v 26.4852 4.37645 31.521 
v 26.1677 4.35818 31.3461 
v 26.4719 4.35818 31.3461 
v 26.4842 4.42631 33.3446 
v 25.3095 4.42705 33.3329 
v 26.4842 4.45709 33.4826 
v 25.5828 4.45415 33.5294 
v 26.4852 4.44509 33.6736 
v 25.9999 4.44679 33.6463 
v 26.4841 4.15536 33.0812 
v 25.236 4.15663 33.0609 
v 26.4847 4.11186 32.4548 
v 25.286 4.1121 32.4508 
v 25.3771 4.09335 32.096 
v 26.4847 4.09922 32.1582 
v 25.5061 4.08812 31.7762 
v 26.4852 4.09948 31.885 
v 25.741 4.11388 31.5081 
v 26.4852 4.11915 31.5586 
v 26.1677 4.10089 31.3838 
v 26.4842 4.10089 31.3838 
v 26.4844 4.16663 33.3538 
v 25.3097 4.16738 33.3422 
v 26.4845 4.19706 33.4873 
v 25.583 4.19352 33.5341 
v 26.4842 4.1851 33.668 
v 25.9999 4.18682 33.6407 
v 25.286 4.1121 32.4508 
v 25.236 4.15663 33.0609 
v 25.3771 4.09335 32.096 
v 25.3097 4.16738 33.3422 
v 25.5061 4.08812 31.7762 
v 25.741 4.11388 31.5081 
v 26.1677 4.10089 31.3838 
v 26.4842 4.10089 31.3838 
v 25.583 4.19352 33.5341 
v 25.9999 4.18682 33.6407 
v 26.4842 4.1851 33.668 
v 26.2891 4.67614 33.6933 
v 26.6254 4.67614 33.6933 
v 26.2891 4.67616 33.5723 
v 26.6254 4.67616 33.5723 
v 26.2891 4.53248 33.7292 
v 26.2891 4.67614 33.6933 
v 26.2891 4.5325 33.6082 
v 26.2891 4.67616 33.5723 
v 26.6254 4.4211 33.6938 
v 26.2891 4.4211 33.6938 
v 26.6254 4.42112 33.5728 
v 26.2891 4.42112 33.5728 
v 26.6254 4.67614 33.6933 
v 26.6254 4.53248 33.7292 
v 26.6254 4.67616 33.5723 
v 26.6254 4.5325 33.6082 
v 26.2891 4.53248 33.7292 
v 26.6254 4.53248 33.7292 
v 26.2891 4.67614 33.6933 
v 26.6254 4.67614 33.6933 
v 26.6254 4.5325 33.6082 
v 26.2891 4.5325 33.6082 
v 26.6254 4.67616 33.5723 
v 26.2891 4.67616 33.5723 
v 26.6254 4.4211 33.6938 
v 26.2891 4.4211 33.6938 
v 26.2891 4.4211 33.6938 
v 26.2891 4.42112 33.5728 
v 26.6254 4.42112 33.5728 
v 26.6254 4.4211 33.6938 
v 26.2891 4.42112 33.5728 
v 26.6254 4.42112 33.5728 
v 27.7016 4.19993 32.5618 
v 27.7303 4.22095 32.9841 
v 27.6824 4.2914 32.5659 
v 27.7109 4.32198 32.9851 
v 27.7256 4.48711 33.0305 
v 27.7018 4.38295 32.5677 
v 27.6739 4.34349 32.133 
v 27.6554 4.26598 32.1243 
v 27.6747 4.18852 32.1132 
v 27.8172 4.38309 32.5606 
v 27.8549 4.48726 33.0225 
v 27.8363 4.2916 32.5565 
v 27.8648 4.32217 32.9757 
v 27.8457 4.22109 32.977 
v 27.817 4.20007 32.5548 
v 27.7867 4.18866 32.1061 
v 27.8066 4.26617 32.1148 
v 27.7887 4.34363 32.1259 
v 27.817 4.20007 32.5548 
v 27.8457 4.22109 32.977 
v 27.7593 4.1695 32.5573 
v 27.7883 4.18733 32.9828 
v 27.7303 4.22095 32.9841 
v 27.7016 4.19993 32.5618 
v 27.6747 4.18852 32.1132 
v 27.7306 4.16276 32.1063 
v 27.7867 4.18866 32.1061 
v 27.8172 4.38309 32.5606 
v 27.7887 4.34363 32.1259 
v 27.7595 4.41352 32.5651 
v 27.7314 4.36939 32.1328 
v 27.6739 4.34349 32.133 
v 27.7018 4.38295 32.5677 
v 27.7256 4.48711 33.0305 
v 27.7858 4.52912 32.9702 
v 27.8549 4.48726 33.0225 
v 27.6456 4.27118 31.875 
v 27.6614 4.33209 31.8987 
v 27.6578 4.39177 31.7992 
v 27.6445 4.35029 31.7574 
v 27.6647 4.30871 31.7135 
v 27.6655 4.2103 31.8491 
v 27.718 4.35246 31.9034 
v 27.7741 4.33223 31.8916 
v 27.7693 4.39114 31.7925 
v 27.6578 4.39177 31.7992 
v 27.6578 4.39177 31.7992 
v 27.6614 4.33209 31.8987 
v 27.7886 4.27136 31.8656 
v 27.7673 4.21045 31.842 
v 27.7616 4.31959 31.6842 
v 27.7829 4.34945 31.7485 
v 27.7693 4.39114 31.7925 
v 27.7741 4.33223 31.8916 
v 27.7251 4.33223 33.1668 
v 27.7448 4.228 33.1691 
v 27.7448 4.228 33.1691 
v 27.7251 4.33223 33.1668 
v 27.7398 4.51372 33.2189 
v 27.7398 4.51372 33.2189 
v 27.879 4.33242 33.1574 
v 27.8786 4.51176 33.1622 
v 27.8786 4.51176 33.1622 
v 27.879 4.33242 33.1574 
v 27.862 4.2552 33.1958 
v 27.862 4.2552 33.1958 
v 27.7858 4.52912 32.9702 
v 27.7937 4.7605 33.1177 
v 27.7378 4.76323 33.1373 
v 27.7378 4.76323 33.1373 
v 27.7369 5.01257 33.1386 
v 27.7937 4.7605 33.1177 
v 27.7928 5.00632 33.1196 
v 27.8523 5.01273 33.1315 
v 27.8532 4.76337 33.1302 
v 27.8549 4.48726 33.0225 
v 27.7858 4.52912 32.9702 
v 27.7378 4.76323 33.1373 
v 27.739 4.78003 33.2343 
v 27.7382 5.0512 33.2323 
v 27.7382 5.0512 33.2323 
v 27.7369 5.01257 33.1386 
v 27.8532 4.76337 33.1302 
v 27.8532 4.76337 33.1302 
v 27.8523 5.01273 33.1315 
v 27.8523 5.01273 33.1315 
v 27.8729 5.05136 33.224 
v 27.8737 4.78019 33.226 
v 27.7925 5.16528 33.0879 
v 27.7365 5.17657 33.1047 
v 27.7362 5.27251 33.0385 
v 27.7921 5.25716 33.0252 
v 27.8529 5.27265 33.0314 
v 27.852 5.17671 33.0976 
v 27.7365 5.17657 33.1047 
v 27.7379 5.24724 33.1853 
v 27.7376 5.36947 33.0978 
v 27.7362 5.27251 33.0385 
v 27.7362 5.27251 33.0385 
v 27.7365 5.17657 33.1047 
v 27.852 5.17671 33.0976 
v 27.852 5.17671 33.0976 
v 27.8529 5.27265 33.0314 
v 27.8811 5.31891 33.0594 
v 27.8799 5.36964 33.0895 
v 27.8726 5.24741 33.177 
v 27.7921 5.25716 33.0252 
v 27.7362 5.27251 33.0385 
v 27.7911 5.30179 32.9344 
v 27.7352 5.31776 32.943 
v 27.7278 5.33303 32.7801 
v 27.7278 5.33303 32.7801 
v 27.8521 5.33319 32.773 
v 27.8556 5.31791 32.9359 
v 27.8529 5.27265 33.0314 
v 27.7352 5.31776 32.943 
v 27.7369 5.41918 32.9746 
v 27.7306 5.42961 32.7884 
v 27.7306 5.42961 32.7884 
v 27.7278 5.33303 32.7801 
v 27.7352 5.31776 32.943 
v 27.8953 5.36606 32.9501 
v 27.8556 5.31791 32.9359 
v 27.8953 5.36606 32.9501 
v 27.9031 5.37891 32.7756 
v 27.9031 5.37891 32.7756 
v 27.9031 5.37891 32.7756 
v 27.8953 5.36606 32.9501 
v 27.7644 5.32413 32.5081 
v 27.7644 5.32413 32.5081 
v 27.6877 5.30841 32.2436 
v 27.6877 5.30841 32.2436 
v 27.8124 5.308 32.2371 
v 27.834 5.33917 32.5046 
v 27.6944 5.3839 32.5128 
v 27.6944 5.3839 32.5128 
v 27.6946 5.39893 32.2351 
v 27.6946 5.39893 32.2351 
v 27.6877 5.30841 32.2436 
v 27.7644 5.32413 32.5081 
v 27.8888 5.3841 32.5033 
v 27.8648 5.35062 32.2319 
v 27.8648 5.35062 32.2319 
v 27.8648 5.35062 32.2319 
v 27.8888 5.3841 32.5033 
v 27.8888 5.3841 32.5033 
v 27.7141 4.77217 31.8177 
v 27.6583 4.77509 31.7977 
v 27.7123 4.57057 31.7863 
v 27.7123 4.57057 31.7863 
v 27.6578 4.39177 31.7992 
v 27.6578 4.39177 31.7992 
v 27.7693 4.39114 31.7925 
v 27.7702 4.56262 31.7638 
v 27.7747 4.77002 31.7937 
v 27.6447 4.77709 31.7324 
v 27.6622 4.77864 31.6654 
v 27.6436 4.54665 31.7107 
v 27.6626 4.52714 31.6506 
v 27.7123 4.57057 31.7863 
v 27.6583 4.77509 31.7977 
v 27.8026 4.77031 31.7271 
v 27.7747 4.77002 31.7937 
v 27.79 4.5427 31.7035 
v 27.7702 4.56262 31.7638 
v 27.7866 4.54736 31.6419 
v 27.803 4.77862 31.6601 
v 27.7318 5.20081 32.0849 
v 27.7318 5.20081 32.0849 
v 27.7318 5.20081 32.0849 
v 27.6692 5.08261 31.9754 
v 27.7318 5.20081 32.0849 
v 27.6692 5.08261 31.9754 
v 27.7887 5.07865 31.9725 
v 27.7982 5.21179 32.0772 
v 27.7982 5.21179 32.0772 
v 27.6629 4.94189 31.8735 
v 27.7187 4.93408 31.8901 
v 27.7809 4.93671 31.8707 
v 27.6627 5.25029 32.0663 
v 27.6627 5.25029 32.0663 
v 27.6736 5.14022 31.9032 
v 27.6736 5.14022 31.9032 
v 27.6692 5.08261 31.9754 
v 27.7318 5.20081 32.0849 
v 27.6664 4.97621 31.7629 
v 27.6629 4.94189 31.8735 
v 27.6629 4.94189 31.8735 
v 27.8435 5.24746 32.06 
v 27.7982 5.21179 32.0772 
v 27.7887 5.07865 31.9725 
v 27.8435 5.24746 32.06 
v 27.7887 5.07865 31.9725 
v 27.8322 5.13539 31.8994 
v 27.8435 5.24746 32.06 
v 27.7809 4.93671 31.8707 
v 27.8135 4.95149 31.8162 
v 27.8162 4.97002 31.7592 
v 27.879 4.33242 33.1574 
v 27.8786 4.51176 33.1622 
v 27.8483 4.33242 33.2243 
v 27.8481 4.51455 33.2294 
v 27.8481 4.51455 33.2294 
v 27.8483 4.33242 33.2243 
v 27.862 4.2552 33.1958 
v 27.862 4.2552 33.1958 
v 27.862 4.2552 33.1958 
v 27.7398 4.51372 33.2189 
v 27.7398 4.51372 33.2189 
v 27.7714 4.33232 33.229 
v 27.7714 4.33232 33.229 
v 27.7448 4.228 33.1691 
v 27.7448 4.228 33.1691 
v 27.7673 4.21045 31.842 
v 27.6655 4.2103 31.8491 
v 27.6647 4.30871 31.7135 
v 27.6647 4.30871 31.7135 
v 27.7616 4.31959 31.6842 
v 27.7673 4.21045 31.842 
v 27.8038 4.19333 33.1755 
v 27.862 4.2552 33.1958 
v 27.8038 4.19333 33.1755 
v 27.862 4.2552 33.1958 
v 27.8038 4.19333 33.1755 
v 27.8038 4.19333 33.1755 
v 27.8038 4.19333 33.1755 
v 27.7448 4.228 33.1691 
v 27.739 4.78003 33.2343 
v 27.8099 4.78286 33.2481 
v 27.8096 5.0608 33.2455 
v 27.8096 5.0608 33.2455 
v 27.7382 5.0512 33.2323 
v 27.739 4.78003 33.2343 
v 27.8099 4.78286 33.2481 
v 27.8737 4.78019 33.226 
v 27.8729 5.05136 33.224 
v 27.8096 5.0608 33.2455 
v 27.7379 5.24724 33.1853 
v 27.8096 5.27155 33.1963 
v 27.811 5.40751 33.1051 
v 27.811 5.40751 33.1051 
v 27.7376 5.36947 33.0978 
v 27.7379 5.24724 33.1853 
v 27.8096 5.27155 33.1963 
v 27.8726 5.24741 33.177 
v 27.8096 5.27155 33.1963 
v 27.811 5.40751 33.1051 
v 27.811 5.40751 33.1051 
v 27.811 5.40751 33.1051 
v 27.811 5.40751 33.1051 
v 27.7369 5.41918 32.9746 
v 27.8154 5.4611 32.9766 
v 27.8181 5.47072 32.786 
v 27.8181 5.47072 32.786 
v 27.7306 5.42961 32.7884 
v 27.7369 5.41918 32.9746 
v 27.8154 5.4611 32.9766 
v 27.811 5.40751 33.1051 
v 27.8154 5.4611 32.9766 
v 27.8953 5.36606 32.9501 
v 27.9031 5.37891 32.7756 
v 27.8154 5.4611 32.9766 
v 27.8793 5.46045 32.7834 
v 27.811 5.40751 33.1051 
v 27.7571 5.46446 32.5105 
v 27.7571 5.46446 32.5105 
v 27.8016 5.43834 32.226 
v 27.6946 5.39893 32.2351 
v 27.6946 5.39893 32.2351 
v 27.7571 5.46446 32.5105 
v 27.8745 5.46457 32.5058 
v 27.8745 5.46457 32.5058 
v 27.8745 5.46457 32.5058 
v 27.8016 5.43834 32.226 
v 27.8016 5.43834 32.226 
v 27.6622 4.77864 31.6654 
v 27.7438 4.78607 31.6368 
v 27.6626 4.52714 31.6506 
v 27.7866 4.54736 31.6419 
v 27.7616 4.31959 31.6842 
v 27.6647 4.30871 31.7135 
v 27.6647 4.30871 31.7135 
v 27.6626 4.52714 31.6506 
v 27.6622 4.77864 31.6654 
v 27.7438 4.78607 31.6368 
v 27.7752 4.61312 31.6156 
v 27.7866 4.54736 31.6419 
v 27.7752 4.61312 31.6156 
v 27.7438 4.78607 31.6368 
v 27.7247 5.31716 32.0299 
v 27.7247 5.31716 32.0299 
v 27.7549 5.16724 31.8655 
v 27.7549 5.16724 31.8655 
v 27.7549 5.16724 31.8655 
v 27.7247 5.31716 32.0299 
v 27.6627 5.25029 32.0663 
v 27.8286 5.31567 32.0266 
v 27.7549 5.16724 31.8655 
v 27.7549 5.16724 31.8655 
v 27.7549 5.16724 31.8655 
v 27.8286 5.31567 32.0266 
v 27.8286 5.31567 32.0266 
v 27.8286 5.31567 32.0266 
v 27.8162 4.97002 31.7592 
v 27.8162 4.97002 31.7592 
v 27.745 4.99059 31.7271 
v 27.745 4.99059 31.7271 
v 27.6664 4.97621 31.7629 
v 27.745 4.99059 31.7271 
v 27.7549 5.16724 31.8655 
v 25.2653 4.22095 32.9841 
v 25.2941 4.19993 32.5618 
v 25.2847 4.32198 32.9851 
v 25.3132 4.2914 32.5659 
v 25.2701 4.48711 33.0305 
v 25.2939 4.38295 32.5677 
v 25.3217 4.34349 32.133 
v 25.3402 4.26598 32.1243 
v 25.321 4.18852 32.1132 
v 25.1408 4.48726 33.0225 
v 25.1785 4.38309 32.5606 
v 25.1308 4.32217 32.9757 
v 25.1593 4.2916 32.5565 
v 25.1499 4.22109 32.977 
v 25.1786 4.20007 32.5548 
v 25.209 4.18866 32.1061 
v 25.1891 4.26617 32.1148 
v 25.207 4.34363 32.1259 
v 25.1499 4.22109 32.977 
v 25.1786 4.20007 32.5548 
v 25.2073 4.18733 32.9828 
v 25.2364 4.16949 32.5573 
v 25.2653 4.22095 32.9841 
v 25.2941 4.19993 32.5618 
v 25.321 4.18852 32.1132 
v 25.2651 4.16276 32.1063 
v 25.209 4.18866 32.1061 
v 25.207 4.34363 32.1259 
v 25.1785 4.38309 32.5606 
v 25.2642 4.36939 32.1328 
v 25.2361 4.41352 32.5651 
v 25.3217 4.34349 32.133 
v 25.2939 4.38295 32.5677 
v 25.2701 4.48711 33.0305 
v 25.2098 4.52912 32.9702 
v 25.1408 4.48726 33.0225 
v 25.3342 4.33209 31.8987 
v 25.3501 4.27117 31.875 
v 25.3379 4.39177 31.7992 
v 25.3511 4.35029 31.7574 
v 25.331 4.30871 31.7135 
v 25.3301 4.2103 31.8491 
v 25.2215 4.33223 31.8916 
v 25.2777 4.35246 31.9034 
v 25.2263 4.39114 31.7925 
v 25.3379 4.39177 31.7992 
v 25.3379 4.39177 31.7992 
v 25.3342 4.33209 31.8987 
v 25.2283 4.21045 31.842 
v 25.207 4.27136 31.8656 
v 25.234 4.31959 31.6842 
v 25.2128 4.34945 31.7485 
v 25.2263 4.39114 31.7925 
v 25.2215 4.33223 31.8916 
v 25.2508 4.228 33.1691 
v 25.2706 4.33223 33.1668 
v 25.2508 4.228 33.1691 
v 25.2706 4.33223 33.1668 
v 25.2558 4.51372 33.2189 
v 25.2558 4.51372 33.2189 
v 25.117 4.51176 33.1622 
v 25.1167 4.33242 33.1574 
v 25.117 4.51176 33.1622 
v 25.1167 4.33242 33.1574 
v 25.1337 4.2552 33.1958 
v 25.1337 4.2552 33.1958 
v 25.2098 4.52912 32.9702 
v 25.2579 4.76323 33.1373 
v 25.2019 4.7605 33.1177 
v 25.2588 5.01257 33.1386 
v 25.2579 4.76323 33.1373 
v 25.2028 5.00632 33.1196 
v 25.2019 4.7605 33.1177 
v 25.1434 5.01273 33.1315 
v 25.1424 4.76337 33.1302 
v 25.1408 4.48726 33.0225 
v 25.2098 4.52912 32.9702 
v 25.2566 4.78003 33.2343 
v 25.2566 4.78003 33.2343 
v 25.2574 5.05119 33.2323 
v 25.2574 5.05119 33.2323 
v 25.2588 5.01257 33.1386 
v 25.1424 4.76337 33.1302 
v 25.1424 4.76337 33.1302 
v 25.1434 5.01273 33.1315 
v 25.1434 5.01273 33.1315 
v 25.1228 5.05136 33.224 
v 25.122 4.78019 33.226 
v 25.2591 5.17657 33.1047 
v 25.2031 5.16528 33.0879 
v 25.2595 5.27251 33.0385 
v 25.2035 5.25716 33.0252 
v 25.1428 5.27265 33.0314 
v 25.1437 5.17671 33.0976 
v 25.2577 5.24724 33.1853 
v 25.2577 5.24724 33.1853 
v 25.258 5.36947 33.0978 
v 25.2595 5.27251 33.0385 
v 25.2595 5.27251 33.0385 
v 25.2591 5.17657 33.1047 
v 25.1437 5.17671 33.0976 
v 25.1437 5.17671 33.0976 
v 25.1428 5.27265 33.0314 
v 25.1145 5.31891 33.0594 
v 25.1158 5.36964 33.0895 
v 25.1231 5.24741 33.177 
v 25.2595 5.27251 33.0385 
v 25.2035 5.25716 33.0252 
v 25.2605 5.31776 32.943 
v 25.2045 5.30179 32.9344 
v 25.2679 5.33303 32.7801 
v 25.2679 5.33303 32.7801 
v 25.1436 5.33319 32.773 
v 25.14 5.31791 32.9359 
v 25.1428 5.27265 33.0314 
v 25.2588 5.41918 32.9746 
v 25.2588 5.41918 32.9746 
v 25.2651 5.42961 32.7884 
v 25.2651 5.42961 32.7884 
v 25.2679 5.33303 32.7801 
v 25.2605 5.31776 32.943 
v 25.14 5.31791 32.9359 
v 25.1004 5.36606 32.9501 
v 25.0926 5.37891 32.7756 
v 25.1004 5.36606 32.9501 
v 25.0926 5.37891 32.7756 
v 25.0926 5.37891 32.7756 
v 25.1004 5.36606 32.9501 
v 25.2872 5.33903 32.5116 
v 25.2872 5.33903 32.5116 
v 25.308 5.30841 32.2436 
v 25.308 5.30841 32.2436 
v 25.1833 5.308 32.2371 
v 25.1617 5.33917 32.5046 
v 25.2821 5.43398 32.5122 
v 25.2821 5.43398 32.5122 
v 25.3011 5.39893 32.2351 
v 25.3011 5.39893 32.2351 
v 25.308 5.30841 32.2436 
v 25.2872 5.33903 32.5116 
v 25.1069 5.3841 32.5033 
v 25.1309 5.35062 32.2319 
v 25.1309 5.35062 32.2319 
v 25.1309 5.35062 32.2319 
v 25.1069 5.3841 32.5033 
v 25.1069 5.3841 32.5033 
v 25.3373 4.77509 31.7977 
v 25.2815 4.77217 31.8177 
v 25.339 4.56557 31.7692 
v 25.339 4.56557 31.7692 
v 25.3379 4.39177 31.7992 
v 25.3379 4.39177 31.7992 
v 25.2263 4.39114 31.7925 
v 25.2254 4.56262 31.7638 
v 25.2209 4.77002 31.7937 
v 25.3334 4.77864 31.6654 
v 25.3509 4.77709 31.7324 
v 25.3331 4.52714 31.6506 
v 25.352 4.54665 31.7107 
v 25.339 4.56557 31.7692 
v 25.3373 4.77509 31.7977 
v 25.2209 4.77002 31.7937 
v 25.1931 4.77031 31.7271 
v 25.2254 4.56262 31.7638 
v 25.2057 4.5427 31.7035 
v 25.209 4.54736 31.6419 
v 25.1926 4.77862 31.6601 
v 25.3196 5.21386 32.0818 
v 25.3196 5.21386 32.0818 
v 25.3264 5.08261 31.9754 
v 25.3196 5.21386 32.0818 
v 25.3264 5.08261 31.9754 
v 25.3196 5.21386 32.0818 
v 25.207 5.07865 31.9725 
v 25.1974 5.21179 32.0772 
v 25.1974 5.21179 32.0772 
v 25.3328 4.94189 31.8735 
v 25.277 4.93408 31.8901 
v 25.2148 4.93671 31.8707 
v 25.3135 5.29107 32.0463 
v 25.3135 5.29107 32.0463 
v 25.322 5.14022 31.9032 
v 25.322 5.14022 31.9032 
v 25.3264 5.08261 31.9754 
v 25.3196 5.21386 32.0818 
v 25.3292 4.97621 31.7629 
v 25.3328 4.94189 31.8735 
v 25.3328 4.94189 31.8735 
v 25.1521 5.24746 32.06 
v 25.207 5.07865 31.9725 
v 25.1974 5.21179 32.0772 
v 25.207 5.07865 31.9725 
v 25.1521 5.24746 32.06 
v 25.1635 5.13539 31.8994 
v 25.1521 5.24746 32.06 
v 25.2148 4.93671 31.8707 
v 25.1821 4.95149 31.8162 
v 25.1795 4.97002 31.7592 
v 25.117 4.51176 33.1622 
v 25.1167 4.33242 33.1574 
v 25.1475 4.51455 33.2294 
v 25.1473 4.33242 33.2243 
v 25.1475 4.51455 33.2294 
v 25.1473 4.33242 33.2243 
v 25.1337 4.2552 33.1958 
v 25.1337 4.2552 33.1958 
v 25.1337 4.2552 33.1958 
v 25.2558 4.51372 33.2189 
v 25.2558 4.51372 33.2189 
v 25.2706 4.33223 33.1668 
v 25.2243 4.33232 33.229 
v 25.2508 4.228 33.1691 
v 25.2508 4.228 33.1691 
v 25.3301 4.2103 31.8491 
v 25.3301 4.2103 31.8491 
v 25.331 4.30871 31.7135 
v 25.331 4.30871 31.7135 
v 25.234 4.31959 31.6842 
v 25.2283 4.21045 31.842 
v 25.1337 4.2552 33.1958 
v 25.1918 4.19333 33.1755 
v 25.1337 4.2552 33.1958 
v 25.1918 4.19333 33.1755 
v 25.1918 4.19333 33.1755 
v 25.1918 4.19333 33.1755 
v 25.1918 4.19333 33.1755 
v 25.2508 4.228 33.1691 
v 25.1857 4.78286 33.2481 
v 25.1857 4.78286 33.2481 
v 25.186 5.0608 33.2455 
v 25.186 5.0608 33.2455 
v 25.2574 5.05119 33.2323 
v 25.2566 4.78003 33.2343 
v 25.122 4.78019 33.226 
v 25.1857 4.78286 33.2481 
v 25.1228 5.05136 33.224 
v 25.186 5.0608 33.2455 
v 25.1861 5.27155 33.1963 
v 25.1861 5.27155 33.1963 
v 25.1846 5.40751 33.1051 
v 25.1846 5.40751 33.1051 
v 25.258 5.36947 33.0978 
v 25.2577 5.24724 33.1853 
v 25.1231 5.24741 33.177 
v 25.1861 5.27155 33.1963 
v 25.1846 5.40751 33.1051 
v 25.1861 5.27155 33.1963 
v 25.1846 5.40751 33.1051 
v 25.1846 5.40751 33.1051 
v 25.1846 5.40751 33.1051 
v 25.1802 5.4611 32.9766 
v 25.1802 5.4611 32.9766 
v 25.1776 5.47072 32.786 
v 25.2651 5.42961 32.7884 
v 25.2651 5.42961 32.7884 
v 25.2588 5.41918 32.9746 
v 25.1846 5.40751 33.1051 
v 25.1802 5.4611 32.9766 
v 25.1802 5.4611 32.9766 
v 25.0926 5.37891 32.7756 
v 25.1004 5.36606 32.9501 
v 25.1164 5.46045 32.7834 
v 25.1802 5.4611 32.9766 
v 25.1846 5.40751 33.1051 
v 25.1814 5.47483 32.5083 
v 25.1814 5.47483 32.5083 
v 25.1941 5.43834 32.226 
v 25.3011 5.39893 32.2351 
v 25.3011 5.39893 32.2351 
v 25.2821 5.43398 32.5122 
v 25.1069 5.3841 32.5033 
v 25.1212 5.46457 32.5058 
v 25.1941 5.43834 32.226 
v 25.1212 5.46457 32.5058 
v 25.1941 5.43834 32.226 
v 25.2519 4.78607 31.6368 
v 25.3334 4.77864 31.6654 
v 25.209 4.54736 31.6419 
v 25.3331 4.52714 31.6506 
v 25.234 4.31959 31.6842 
v 25.331 4.30871 31.7135 
v 25.331 4.30871 31.7135 
v 25.3331 4.52714 31.6506 
v 25.3334 4.77864 31.6654 
v 25.2519 4.78607 31.6368 
v 25.2204 4.61312 31.6156 
v 25.209 4.54736 31.6419 
v 25.2204 4.61312 31.6156 
v 25.2519 4.78607 31.6368 
v 25.2179 5.32615 32.0218 
v 25.3135 5.29107 32.0463 
v 25.2408 5.16724 31.8655 
v 25.322 5.14022 31.9032 
v 25.322 5.14022 31.9032 
v 25.3135 5.29107 32.0463 
v 25.3135 5.29107 32.0463 
v 25.2179 5.32615 32.0218 
v 25.2408 5.16724 31.8655 
v 25.2408 5.16724 31.8655 
v 25.2408 5.16724 31.8655 
v 25.2179 5.32615 32.0218 
v 25.2179 5.32615 32.0218 
v 25.2179 5.32615 32.0218 
v 25.1795 4.97002 31.7592 
v 25.2506 4.99059 31.7271 
v 25.2506 4.99059 31.7271 
v 25.3292 4.97621 31.7629 
v 25.3292 4.97621 31.7629 
v 25.3292 4.97621 31.7629 
v 25.322 5.14022 31.9032 
v 26.2437 4.02926 32.2018 
v 26.1418 4.02923 32.3295 
v 26.2437 4.19714 32.2018 
v 26.1418 4.19711 32.3295 
v 26.3909 4.02927 32.1309 
v 26.3909 4.19715 32.1309 
v 26.5543 4.02927 32.1309 
v 26.5543 4.19715 32.1309 
v 26.7015 4.02926 32.2018 
v 26.7015 4.19714 32.2018 
v 26.8034 4.02923 32.3295 
v 26.8034 4.19711 32.3295 
v 26.8398 4.0292 32.4888 
v 26.8398 4.19708 32.4889 
v 26.8034 4.02917 32.6481 
v 26.8034 4.19705 32.6482 
v 26.7015 4.02915 32.7759 
v 26.7015 4.19703 32.7759 
v 26.5543 4.02913 32.8468 
v 26.5543 4.19701 32.8468 
v 26.3909 4.02913 32.8468 
v 26.5543 4.02913 32.8468 
v 26.3909 4.19701 32.8468 
v 26.5543 4.19701 32.8468 
v 26.2437 4.02915 32.7759 
v 26.2437 4.19703 32.7759 
v 26.1418 4.02917 32.6481 
v 26.1418 4.19705 32.6482 
v 26.1054 4.0292 32.4888 
v 26.1054 4.19708 32.4889 
v 26.1418 4.19711 32.3295 
v 26.1054 4.19708 32.4889 
v 26.2437 4.19714 32.2018 
v 26.1418 4.19705 32.6482 
v 26.3909 4.19715 32.1309 
v 26.2437 4.19703 32.7759 
v 26.5543 4.19715 32.1309 
v 26.3909 4.19701 32.8468 
v 26.7015 4.19714 32.2018 
v 26.5543 4.19701 32.8468 
v 26.8034 4.19711 32.3295 
v 26.7015 4.19703 32.7759 
v 26.8398 4.19708 32.4889 
v 26.8034 4.19705 32.6482 
v 26.2695 2.28025 32.4885 
v 26.2896 2.28027 32.4004 
v 26.2896 2.28024 32.5766 
v 26.3459 2.28028 32.3297 
v 26.3459 2.28023 32.6473 
v 26.4274 2.28029 32.2904 
v 26.4274 2.28022 32.6865 
v 26.5178 2.28029 32.2904 
v 26.5178 2.28022 32.6865 
v 26.5993 2.28028 32.3297 
v 26.5993 2.28023 32.6473 
v 26.6556 2.28027 32.4004 
v 26.6556 2.28024 32.5766 
v 26.6757 2.28025 32.4885 
v 26.2905 3.97547 32.5765 
v 26.2705 3.97549 32.4888 
v 26.3466 3.97546 32.6469 
v 26.4276 3.97545 32.6859 
v 26.5176 3.97545 32.6859 
v 26.5986 3.97546 32.6469 
v 26.5176 3.97545 32.6859 
v 26.6547 3.97547 32.5765 
v 26.6747 3.97549 32.4888 
v 26.6547 3.9755 32.4011 
v 26.5986 3.97552 32.3308 
v 26.5176 3.97552 32.2917 
v 26.4276 3.97552 32.2917 
v 26.3466 3.97552 32.3308 
v 26.2905 3.9755 32.4011 
v 26.3444 3.70848 32.5505 
v 26.3304 3.7085 32.4888 
v 26.3839 3.70847 32.6 
v 26.4409 3.70847 32.6274 
v 26.5042 3.70847 32.6274 
v 26.5613 3.70847 32.6 
v 26.5042 3.70847 32.6274 
v 26.6008 3.70848 32.5505 
v 26.6148 3.7085 32.4888 
v 26.6008 3.70851 32.427 
v 26.5613 3.70852 32.3776 
v 26.5042 3.70852 32.3501 
v 26.4409 3.70852 32.3501 
v 26.3839 3.70852 32.3776 
v 26.3444 3.70851 32.427 
v 26.3593 2.5261 32.5431 
v 26.3593 2.5261 32.5431 
v 26.3593 2.5261 32.5431 
v 26.4446 2.52609 32.6112 
v 26.4446 2.52609 32.6112 
v 26.551 2.52609 32.5869 
v 26.4446 2.52609 32.6112 
v 26.551 2.52609 32.5869 
v 26.5984 2.52611 32.4885 
v 26.5984 2.52611 32.4885 
v 26.551 2.52613 32.3902 
v 26.551 2.52613 32.3902 
v 26.4446 2.52613 32.3659 
v 26.4446 2.52613 32.3659 
v 26.3593 2.52612 32.434 
v 26.2812 2.38822 32.5807 
v 26.2602 2.38824 32.4885 
v 26.3402 2.38821 32.6546 
v 26.4253 2.3882 32.6956 
v 26.5199 2.3882 32.6956 
v 26.605 2.38821 32.6546 
v 26.5199 2.3882 32.6956 
v 26.664 2.38822 32.5807 
v 26.685 2.38824 32.4885 
v 26.664 2.38825 32.3964 
v 26.605 2.38827 32.3225 
v 26.5199 2.38828 32.2814 
v 26.4253 2.38828 32.2814 
v 26.3402 2.38827 32.3225 
v 26.2812 2.38825 32.3964 
v 26.2896 2.28024 32.5766 
v 26.2695 2.28025 32.4885 
v 26.3459 2.28023 32.6473 
v 26.4274 2.28022 32.6865 
v 26.5178 2.28022 32.6865 
v 26.5993 2.28023 32.6473 
v 26.5178 2.28022 32.6865 
v 26.6556 2.28024 32.5766 
v 26.6757 2.28025 32.4885 
v 26.6556 2.28027 32.4004 
v 26.5993 2.28028 32.3297 
v 26.5178 2.28029 32.2904 
v 26.4274 2.28029 32.2904 
v 26.3459 2.28028 32.3297 
v 26.2896 2.28027 32.4004 
v 26.4119 2.33934 31.778 
v 26.4119 2.44165 32.3147 
v 26.5333 2.33934 31.778 
v 26.5333 2.44165 32.3147 
v 26.4119 2.03997 31.1612 
v 26.4119 2.04102 31.04 
v 26.5333 2.03997 31.1612 
v 26.5333 2.04102 31.04 
v 26.4274 2.28029 32.2904 
v 26.4119 2.21796 31.778 
v 26.5178 2.28029 32.2904 
v 26.5333 2.21796 31.778 
v 26.4119 2.44165 32.3147 
v 26.4274 2.28029 32.2904 
v 26.5333 2.44165 32.3147 
v 26.5178 2.28029 32.2904 
v 26.4119 2.21796 31.778 
v 26.4274 2.28029 32.2904 
v 26.4119 2.33934 31.778 
v 26.4119 2.44165 32.3147 
v 26.5178 2.28029 32.2904 
v 26.5333 2.21796 31.778 
v 26.5333 2.44165 32.3147 
v 26.5333 2.33934 31.778 
v 26.4119 2.18813 31.503 
v 26.4119 2.30951 31.503 
v 26.4119 2.30951 31.503 
v 26.5333 2.30951 31.503 
v 26.5333 2.18813 31.503 
v 26.4119 2.18813 31.503 
v 26.5333 2.30951 31.503 
v 26.5333 2.18813 31.503 
v 26.4119 2.16172 31.3575 
v 26.4119 2.24227 31.2576 
v 26.4119 2.12622 31.162 
v 26.4119 2.12727 31.0407 
v 26.4119 2.24227 31.2576 
v 26.5333 2.24227 31.2576 
v 26.4119 2.12727 31.0407 
v 26.5333 2.12727 31.0407 
v 26.5333 2.16172 31.3575 
v 26.4119 2.16172 31.3575 
v 26.5333 2.12622 31.162 
v 26.4119 2.12622 31.162 
v 26.5333 2.24227 31.2576 
v 26.5333 2.16172 31.3575 
v 26.5333 2.12727 31.0407 
v 26.5333 2.12622 31.162 
v 26.4119 2.03997 31.1612 
v 26.4119 2.12622 31.162 
v 26.4119 2.04102 31.04 
v 26.4119 2.12727 31.0407 
v 26.4119 2.04102 31.04 
v 26.4119 2.12727 31.0407 
v 26.5333 2.04102 31.04 
v 26.5333 2.12727 31.0407 
v 26.5333 2.03997 31.1612 
v 26.5333 2.12622 31.162 
v 26.4119 2.03997 31.1612 
v 26.4119 2.12622 31.162 
v 26.5333 2.04102 31.04 
v 26.5333 2.12727 31.0407 
v 26.5333 2.03997 31.1612 
v 26.5333 2.12622 31.162 
v 26.4119 2.44159 32.6297 
v 26.4119 2.33908 33.1663 
v 26.5333 2.44159 32.6297 
v 26.5333 2.33908 33.1663 
v 26.4119 2.04048 33.9043 
v 26.4119 2.03948 33.783 
v 26.5333 2.04048 33.9043 
v 26.5333 2.03948 33.783 
v 26.4119 2.2177 33.1663 
v 26.4119 2.3202 32.6296 
v 26.5333 2.2177 33.1663 
v 26.5333 2.3202 32.6296 
v 26.4119 2.3202 32.6296 
v 26.4119 2.44159 32.6297 
v 26.5333 2.3202 32.6296 
v 26.5333 2.44159 32.6297 
v 26.4119 2.3202 32.6296 
v 26.4119 2.2177 33.1663 
v 26.4119 2.44159 32.6297 
v 26.4119 2.33908 33.1663 
v 26.5333 2.2177 33.1663 
v 26.5333 2.3202 32.6296 
v 26.5333 2.33908 33.1663 
v 26.5333 2.44159 32.6297 
v 26.4119 2.18776 33.4413 
v 26.4119 2.30914 33.4413 
v 26.4119 2.30914 33.4413 
v 26.5333 2.30914 33.4413 
v 26.5333 2.18776 33.4413 
v 26.4119 2.18776 33.4413 
v 26.5333 2.30914 33.4413 
v 26.5333 2.18776 33.4413 
v 26.4119 2.1613 33.5868 
v 26.4119 2.24182 33.6867 
v 26.4119 2.12673 33.9035 
v 26.4119 2.12573 33.7823 
v 26.4119 2.24182 33.6867 
v 26.5333 2.24182 33.6867 
v 26.5333 2.12673 33.9035 
v 26.4119 2.12673 33.9035 
v 26.5333 2.1613 33.5868 
v 26.4119 2.1613 33.5868 
v 26.4119 2.12573 33.7823 
v 26.5333 2.12573 33.7823 
v 26.5333 2.24182 33.6867 
v 26.5333 2.1613 33.5868 
v 26.5333 2.12573 33.7823 
v 26.5333 2.12673 33.9035 
v 26.4119 2.12573 33.7823 
v 26.4119 2.03948 33.783 
v 26.4119 2.12673 33.9035 
v 26.4119 2.04048 33.9043 
v 26.4119 2.12673 33.9035 
v 26.4119 2.04048 33.9043 
v 26.5333 2.12673 33.9035 
v 26.5333 2.04048 33.9043 
v 26.5333 2.12573 33.7823 
v 26.5333 2.03948 33.783 
v 26.4119 2.12573 33.7823 
v 26.4119 2.03948 33.783 
v 26.5333 2.12673 33.9035 
v 26.5333 2.04048 33.9043 
v 26.5333 2.12573 33.7823 
v 26.5333 2.03948 33.783 
v 27.1663 2.33922 32.4061 
v 26.6296 2.44163 32.4103 
v 27.1672 2.3392 32.5275 
v 26.6305 2.44161 32.5317 
v 27.783 2.03974 32.4013 
v 27.9042 2.04076 32.4004 
v 27.7839 2.03972 32.5227 
v 27.9052 2.04074 32.5218 
v 26.6556 2.28027 32.4004 
v 27.1663 2.21784 32.4061 
v 26.6305 2.32022 32.5316 
v 27.1672 2.21782 32.5275 
v 26.6296 2.44163 32.4103 
v 26.6556 2.28027 32.4004 
v 26.6305 2.44161 32.5317 
v 26.6305 2.32022 32.5316 
v 27.1663 2.21784 32.4061 
v 26.6556 2.28027 32.4004 
v 27.1663 2.33922 32.4061 
v 26.6296 2.44163 32.4103 
v 26.6305 2.32022 32.5316 
v 27.1672 2.21782 32.5275 
v 26.6305 2.44161 32.5317 
v 27.1672 2.3392 32.5275 
v 27.4413 2.18796 32.404 
v 27.4413 2.30934 32.404 
v 27.4413 2.30934 32.404 
v 27.4422 2.30932 32.5254 
v 27.4422 2.18793 32.5254 
v 27.4413 2.18796 32.404 
v 27.4422 2.30932 32.5254 
v 27.4422 2.18793 32.5254 
v 27.5867 2.16153 32.4029 
v 27.6866 2.24206 32.4021 
v 27.7822 2.12599 32.4013 
v 27.9035 2.12702 32.4004 
v 27.6866 2.24206 32.4021 
v 27.6875 2.24204 32.5235 
v 27.9035 2.12702 32.4004 
v 27.9044 2.12699 32.5218 
v 27.5876 2.1615 32.5242 
v 27.5867 2.16153 32.4029 
v 27.7832 2.12597 32.5227 
v 27.7822 2.12599 32.4013 
v 27.6875 2.24204 32.5235 
v 27.5876 2.1615 32.5242 
v 27.9044 2.12699 32.5218 
v 27.7832 2.12597 32.5227 
v 27.783 2.03974 32.4013 
v 27.7822 2.12599 32.4013 
v 27.9042 2.04076 32.4004 
v 27.9035 2.12702 32.4004 
v 27.9042 2.04076 32.4004 
v 27.9035 2.12702 32.4004 
v 27.9052 2.04074 32.5218 
v 27.9044 2.12699 32.5218 
v 27.7839 2.03972 32.5227 
v 27.7832 2.12597 32.5227 
v 27.783 2.03974 32.4013 
v 27.7822 2.12599 32.4013 
v 27.9052 2.04074 32.5218 
v 27.9044 2.12699 32.5218 
v 27.7839 2.03972 32.5227 
v 27.7832 2.12597 32.5227 
v 26.3147 2.44163 32.4127 
v 25.778 2.33922 32.4168 
v 26.3156 2.4416 32.5341 
v 25.7789 2.3392 32.5382 
v 25.04 2.04076 32.4225 
v 25.1613 2.03974 32.4215 
v 25.041 2.04074 32.5438 
v 25.1622 2.03971 32.5429 
v 25.778 2.21784 32.4168 
v 26.2896 2.28027 32.4004 
v 25.7789 2.21782 32.5382 
v 26.3156 2.32022 32.5341 
v 26.2896 2.28027 32.4004 
v 26.3147 2.44163 32.4127 
v 26.3156 2.32022 32.5341 
v 26.3156 2.4416 32.5341 
v 26.2896 2.28027 32.4004 
v 25.778 2.21784 32.4168 
v 26.3147 2.44163 32.4127 
v 25.778 2.33922 32.4168 
v 25.7789 2.21782 32.5382 
v 26.3156 2.32022 32.5341 
v 25.7789 2.3392 32.5382 
v 26.3156 2.4416 32.5341 
v 25.503 2.18795 32.4189 
v 25.503 2.30934 32.419 
v 25.503 2.30934 32.419 
v 25.5039 2.30931 32.5403 
v 25.5039 2.18793 32.5403 
v 25.503 2.18795 32.4189 
v 25.5039 2.30931 32.5403 
v 25.5039 2.18793 32.5403 
v 25.3576 2.16152 32.42 
v 25.2576 2.24205 32.4208 
v 25.0408 2.12701 32.4225 
v 25.162 2.12599 32.4215 
v 25.2576 2.24205 32.4208 
v 25.2586 2.24203 32.5422 
v 25.0417 2.12699 32.5439 
v 25.0408 2.12701 32.4225 
v 25.3585 2.1615 32.5414 
v 25.3576 2.16152 32.42 
v 25.162 2.12599 32.4215 
v 25.1629 2.12596 32.5429 
v 25.2586 2.24203 32.5422 
v 25.3585 2.1615 32.5414 
v 25.1629 2.12596 32.5429 
v 25.0417 2.12699 32.5439 
v 25.162 2.12599 32.4215 
v 25.1613 2.03974 32.4215 
v 25.0408 2.12701 32.4225 
v 25.04 2.04076 32.4225 
v 25.0408 2.12701 32.4225 
v 25.04 2.04076 32.4225 
v 25.0417 2.12699 32.5439 
v 25.041 2.04074 32.5438 
v 25.1629 2.12596 32.5429 
v 25.1622 2.03971 32.5429 
v 25.162 2.12599 32.4215 
v 25.1613 2.03974 32.4215 
v 25.0417 2.12699 32.5439 
v 25.041 2.04074 32.5438 
v 25.1629 2.12596 32.5429 
v 25.1622 2.03971 32.5429 
v 26.9224 2.33931 31.94 
v 26.5333 2.44165 32.3147 
v 27.0079 2.33929 32.0261 
v 26.6296 2.44163 32.4103 
v 27.36 2.03991 31.5053 
v 27.446 2.04095 31.4199 
v 27.4455 2.03989 31.5915 
v 27.5315 2.04093 31.506 
v 26.5178 2.28029 32.2904 
v 26.9224 2.21793 31.9399 
v 26.6556 2.28027 32.4004 
v 27.0079 2.21791 32.0261 
v 26.5333 2.44165 32.3147 
v 26.5178 2.28029 32.2904 
v 26.6296 2.44163 32.4103 
v 26.6556 2.28027 32.4004 
v 26.9224 2.21793 31.9399 
v 26.5178 2.28029 32.2904 
v 26.9224 2.33931 31.94 
v 26.5333 2.44165 32.3147 
v 26.6556 2.28027 32.4004 
v 27.0079 2.21791 32.0261 
v 26.6296 2.44163 32.4103 
v 27.0079 2.33929 32.0261 
v 27.1175 2.18808 31.7462 
v 27.1175 2.30946 31.7462 
v 27.1175 2.30946 31.7462 
v 27.203 2.30945 31.8323 
v 27.203 2.18806 31.8323 
v 27.1175 2.18808 31.7462 
v 27.203 2.30945 31.8323 
v 27.203 2.18806 31.8323 
v 27.2207 2.16167 31.6437 
v 27.2916 2.24221 31.5733 
v 27.3595 2.12616 31.5059 
v 27.4455 2.1272 31.4204 
v 27.2916 2.24221 31.5733 
v 27.3771 2.2422 31.6594 
v 27.4455 2.1272 31.4204 
v 27.531 2.12718 31.5066 
v 27.3062 2.16165 31.7298 
v 27.2207 2.16167 31.6437 
v 27.445 2.12614 31.592 
v 27.3595 2.12616 31.5059 
v 27.3771 2.2422 31.6594 
v 27.3062 2.16165 31.7298 
v 27.531 2.12718 31.5066 
v 27.445 2.12614 31.592 
v 27.36 2.03991 31.5053 
v 27.3595 2.12616 31.5059 
v 27.446 2.04095 31.4199 
v 27.4455 2.1272 31.4204 
v 27.446 2.04095 31.4199 
v 27.4455 2.1272 31.4204 
v 27.5315 2.04093 31.506 
v 27.531 2.12718 31.5066 
v 27.4455 2.03989 31.5915 
v 27.445 2.12614 31.592 
v 27.36 2.03991 31.5053 
v 27.3595 2.12616 31.5059 
v 27.5315 2.04093 31.506 
v 27.531 2.12718 31.5066 
v 27.4455 2.03989 31.5915 
v 27.445 2.12614 31.592 
v 26.3156 2.4416 32.5341 
v 25.9373 2.33913 32.9183 
v 26.4119 2.44159 32.6297 
v 26.0228 2.33911 33.0044 
v 25.4137 2.04057 33.4382 
v 25.4997 2.03956 33.3528 
v 25.4992 2.04055 33.5243 
v 25.5852 2.03955 33.4389 
v 25.9373 2.21774 32.9182 
v 26.3156 2.32022 32.5341 
v 26.0228 2.21773 33.0044 
v 26.4119 2.3202 32.6296 
v 26.3156 2.32022 32.5341 
v 26.3156 2.4416 32.5341 
v 26.4119 2.3202 32.6296 
v 26.4119 2.44159 32.6297 
v 26.3156 2.32022 32.5341 
v 25.9373 2.21774 32.9182 
v 26.3156 2.4416 32.5341 
v 25.9373 2.33913 32.9183 
v 26.0228 2.21773 33.0044 
v 26.4119 2.3202 32.6296 
v 26.0228 2.33911 33.0044 
v 26.4119 2.44159 32.6297 
v 25.7421 2.18782 33.112 
v 25.7421 2.30921 33.112 
v 25.7421 2.30921 33.112 
v 25.8277 2.30919 33.1982 
v 25.8277 2.18781 33.1981 
v 25.7421 2.18782 33.112 
v 25.8277 2.30919 33.1982 
v 25.8277 2.18781 33.1981 
v 25.639 2.16137 33.2145 
v 25.5681 2.24189 33.2849 
v 25.4142 2.12682 33.4377 
v 25.5002 2.12581 33.3523 
v 25.5681 2.24189 33.2849 
v 25.6536 2.24188 33.371 
v 25.4997 2.1268 33.5238 
v 25.4142 2.12682 33.4377 
v 25.7245 2.16136 33.3006 
v 25.639 2.16137 33.2145 
v 25.5002 2.12581 33.3523 
v 25.5857 2.1258 33.4384 
v 25.6536 2.24188 33.371 
v 25.7245 2.16136 33.3006 
v 25.5857 2.1258 33.4384 
v 25.4997 2.1268 33.5238 
v 25.5002 2.12581 33.3523 
v 25.4997 2.03956 33.3528 
v 25.4142 2.12682 33.4377 
v 25.4137 2.04057 33.4382 
v 25.4142 2.12682 33.4377 
v 25.4137 2.04057 33.4382 
v 25.4997 2.1268 33.5238 
v 25.4992 2.04055 33.5243 
v 25.5857 2.1258 33.4384 
v 25.5852 2.03955 33.4389 
v 25.5002 2.12581 33.3523 
v 25.4997 2.03956 33.3528 
v 25.4997 2.1268 33.5238 
v 25.4992 2.04055 33.5243 
v 25.5857 2.1258 33.4384 
v 25.5852 2.03955 33.4389 
v 25.9819 2.3393 31.9775 
v 26.0752 2.33932 31.8998 
v 26.4119 2.44165 32.3147 
v 25.5873 2.03991 31.5034 
v 25.5098 2.04095 31.4102 
v 25.6806 2.03992 31.4258 
v 25.6031 2.04097 31.3326 
v 25.9819 2.21792 31.9774 
v 26.4274 2.28029 32.2904 
v 26.0752 2.21794 31.8998 
v 26.4119 2.44165 32.3147 
v 26.4274 2.28029 32.2904 
v 25.9819 2.21792 31.9774 
v 25.9819 2.3393 31.9775 
v 26.4274 2.28029 32.2904 
v 26.0752 2.21794 31.8998 
v 26.4119 2.44165 32.3147 
v 26.0752 2.33932 31.8998 
v 25.8059 2.18808 31.7661 
v 25.8059 2.30946 31.7661 
v 25.8059 2.30946 31.7661 
v 25.8992 2.30948 31.6884 
v 25.8992 2.18809 31.6884 
v 25.8059 2.18808 31.7661 
v 25.8992 2.30948 31.6884 
v 25.8992 2.18809 31.6884 
v 25.7129 2.16167 31.6543 
v 25.649 2.24221 31.5775 
v 25.5878 2.12616 31.504 
v 25.5102 2.1272 31.4108 
v 25.649 2.24221 31.5775 
v 25.7423 2.24223 31.4999 
v 25.5102 2.1272 31.4108 
v 25.6035 2.12722 31.3331 
v 25.8062 2.16168 31.5766 
v 25.7129 2.16167 31.6543 
v 25.6811 2.12618 31.4263 
v 25.5878 2.12616 31.504 
v 25.7423 2.24223 31.4999 
v 25.8062 2.16168 31.5766 
v 25.6035 2.12722 31.3331 
v 25.6811 2.12618 31.4263 
v 25.5873 2.03991 31.5034 
v 25.5878 2.12616 31.504 
v 25.5098 2.04095 31.4102 
v 25.5102 2.1272 31.4108 
v 25.5098 2.04095 31.4102 
v 25.5102 2.1272 31.4108 
v 25.6031 2.04097 31.3326 
v 25.6035 2.12722 31.3331 
v 25.6806 2.03992 31.4258 
v 25.6811 2.12618 31.4263 
v 25.5873 2.03991 31.5034 
v 25.5878 2.12616 31.504 
v 25.6031 2.04097 31.3326 
v 25.6035 2.12722 31.3331 
v 25.6806 2.03992 31.4258 
v 25.6811 2.12618 31.4263 
v 26.5333 2.44159 32.6297 
v 26.87 2.3391 33.0445 
v 26.9633 2.33912 32.9669 
v 27.3421 2.04054 33.6117 
v 27.2646 2.03953 33.5185 
v 27.4354 2.04055 33.534 
v 27.3579 2.03954 33.4408 
v 26.87 2.21772 33.0445 
v 26.5333 2.3202 32.6296 
v 26.9633 2.21773 32.9669 
v 26.5333 2.3202 32.6296 
v 26.5333 2.44159 32.6297 
v 26.5333 2.3202 32.6296 
v 26.87 2.21772 33.0445 
v 26.5333 2.44159 32.6297 
v 26.87 2.3391 33.0445 
v 26.9633 2.21773 32.9669 
v 26.9633 2.33912 32.9669 
v 27.046 2.1878 33.2559 
v 27.046 2.30918 33.2559 
v 27.046 2.30918 33.2559 
v 27.1393 2.30919 33.1782 
v 27.1393 2.18781 33.1782 
v 27.046 2.1878 33.2559 
v 27.1393 2.30919 33.1782 
v 27.1393 2.18781 33.1782 
v 27.139 2.16135 33.3677 
v 27.2029 2.24186 33.4445 
v 27.3417 2.12679 33.6111 
v 27.2641 2.12578 33.518 
v 27.2029 2.24186 33.4445 
v 27.2962 2.24188 33.3668 
v 27.435 2.1268 33.5335 
v 27.3417 2.12679 33.6111 
v 27.2323 2.16136 33.29 
v 27.139 2.16135 33.3677 
v 27.2641 2.12578 33.518 
v 27.3574 2.1258 33.4403 
v 27.2962 2.24188 33.3668 
v 27.2323 2.16136 33.29 
v 27.3574 2.1258 33.4403 
v 27.435 2.1268 33.5335 
v 27.2641 2.12578 33.518 
v 27.2646 2.03953 33.5185 
v 27.3417 2.12679 33.6111 
v 27.3421 2.04054 33.6117 
v 27.3417 2.12679 33.6111 
v 27.3421 2.04054 33.6117 
v 27.435 2.1268 33.5335 
v 27.4354 2.04055 33.534 
v 27.3574 2.1258 33.4403 
v 27.3579 2.03954 33.4408 
v 27.2641 2.12578 33.518 
v 27.2646 2.03953 33.5185 
v 27.435 2.1268 33.5335 
v 27.4354 2.04055 33.534 
v 27.3574 2.1258 33.4403 
v 27.3579 2.03954 33.4408 

vn 0 0 0 
vn 0 0 0 
vn 0 0 0 
vn 0 0 0 
vn 0 0 0 
vn 0 0 0 
vn 0 0 0 
vn 0 0 0 
vn 0 0 0 
vn 0 0 0 
vn 0 0 0 
vn 0 0 0 
vn 0 0 0 
vn 0 0 0 
vn 0 0 0 
vn 0 0 0 
vn 0 0 0 
vn 0 0 0 
vn 0 0 0 
vn 0 0 0 
vn 0 0 0 
vn 0 0 0 
vn 0 0 0 
vn 0 0 0 
vn 0 0 0 
vn 0 0 0 
vn 0 0 0 
vn 0 0 0 
vn 0 0 0 
vn 0 0 0 
vn 0 0 0 
vn 0 0 0 
vn 0 0 0 
vn 0 0 0 
vn 0 0 0 
vn 0 0 0 
vn 0 0 0 
vn 0 0 0 
vn 0 0 0 
vn 0 0 0 
vn 0 0 0 
vn 0 0 0 
vn 0 0 0 
vn 0 0 0 
vn 0 0 0 
vn 0 0 0 
vn 0 0 0 
vn 0 0 0 
vn 0 0 0 
vn 0 0 0 
vn 0 0 0 
vn 0 0 0 
vn 0 0 0 
vn 0 0 0 
vn 0 0 0 
vn 0 0 0 
vn 0 0 0 
vn 0 0 0 
vn 0 0 0 
vn 0 0 0 
vn 0 0 0 
vn 0 0 0 
vn 0 0 0 
vn 0 0 0 
vn 0 0 0 
vn 0 0 0 
vn 0 0 0 
vn 0 0 0 
vn 0 0 0 
vn 0 0 0 
vn 0 0 0 
vn 0 0 0 
vn 0 0 0 
vn 0 0 0 
vn 0 0 0 
vn 0 0 0 
vn 0 0 0 
vn 0 0 0 
vn 0 0 0 
vn 0 0 0 
vn 0 0 0 
vn 0 0 0 
vn 0 0 0 
vn 0 0 0 
vn 0 0 0 
vn 0 0 0 
vn 0 0 0 
vn 0 0 0 
vn 0 0 0 
vn 0 0 0 
vn 0 0 0 
vn 0 0 0 
vn 0 0 0 
vn 0 0 0 
vn 0 0 0 
vn 0 0 0 
vn 0 0 0 
vn 0 0 0 
vn 0 0 0 
vn 0 0 0 
vn 0 0 0 
vn 0 0 0 
vn 0 0 0 
vn 0 0 0 
vn 0 0 0 
vn 0 0 0 
vn 0 0 0 
vn 0 0 0 
vn 0 0 0 
vn 0 0 0 
vn 0 0 0 
vn 0 0 0 
vn 0 0 0 
vn 0 0 0 
vn 0 0 0 
vn 0 0 0 
vn 0 0 0 
vn 0 0 0 
vn 0 0 0 
vn 0 0 0 
vn 0 0 0 
vn 0 0 0 
vn 0 0 0 
vn 0 0 0 
vn 0 0 0 
vn 0 0 0 
vn 0 0 0 
vn 0 0 0 
vn 0 0 0 
vn 0 0 0 
vn 0 0 0 
vn 0 0 0 
vn 0 0 0 
vn 0 0 0 
vn 0 0 0 
vn 0 0 0 
vn 0 0 0 
vn 0 0 0 
vn 0 0 0 
vn 0 0 0 
vn 0 0 0 
vn 0 0 0 
vn 0 0 0 
vn 0 0 0 
vn 0 0 0 
vn 0 0 0 
vn 0 0 0 
vn 0 0 0 
vn 0 0 0 
vn 0 0 0 
vn 0 0 0 
vn 0 0 0 
vn 0 0 0 
vn 0 0 0 
vn 0 0 0 
vn 0 0 0 
vn 0 0 0 
vn 0 0 0 
vn 0 0 0 
vn 0 0 0 
vn 0 0 0 
vn 0 0 0 
vn 0 0 0 
vn 0 0 0 
vn 0 0 0 
vn 0 0 0 
vn 0 0 0 
vn 0 0 0 
vn 0 0 0 
vn 0 0 0 
vn 0 0 0 
vn 0 0 0 
vn 0 0 0 
vn 0 0 0 
vn 0 0 0 
vn 0 0 0 
vn 0 0 0 
vn 0 0 0 
vn 0 0 0 
vn 0 0 0 
vn 0 0 0 
vn 0 0 0 
vn 0 0 0 
vn 0 0 0 
vn 0 0 0 
vn 0 0 0 
vn 0 0 0 
vn 0 0 0 
vn 0 0 0 
vn 0 0 0 
vn 0 0 0 
vn 0 0 0 
vn 0 0 0 
vn 0 0 0 
vn 0 0 0 
vn 0 0 0 
vn 0 0 0 
vn 0 0 0 
vn 0 0 0 
vn 0 0 0 
vn 0 0 0 
vn 0 0 0 
vn 0 0 0 
vn 0 0 0 
vn 0 0 0 
vn 0 0 0 
vn 0 0 0 
vn 0 0 0 
vn 0 0 0 
vn 0 0 0 
vn 0 0 0 
vn 0 0 0 
vn 0 0 0 
vn 0 0 0 
vn 0 0 0 
vn 0 0 0 
vn 0 0 0 
vn 0 0 0 
vn 0 0 0 
vn 0 0 0 
vn 0 0 0 
vn 0 0 0 
vn 0 0 0 
vn 0 0 0 
vn 0 0 0 
vn 0 0 0 
vn 0 0 0 
vn 0 0 0 
vn 0 0 0 
vn 0 0 0 
vn 0 0 0 
vn 0 0 0 
vn 0 0 0 
vn 0 0 0 
vn 0 0 0 
vn 0 0 0 
vn 0 0 0 
vn 0 0 0 
vn 0 0 0 
vn 0 0 0 
vn 0 0 0 
vn 0 0 0 
vn 0 0 0 
vn 0 0 0 
vn 0 0 0 
vn 0 0 0 
vn 0 0 0 
vn 0 0 0 
vn 0 0 0 
vn 0 0 0 
vn 0 0 0 
vn 0 0 0 
vn 0 0 0 
vn 0 0 0 
vn 0 0 0 
vn 0 0 0 
vn 0 0 0 
vn 0 0 0 
vn 0 0 0 
vn 0 0 0 
vn 0 0 0 
vn 0 0 0 
vn 0 0 0 
vn 0 0 0 
vn 0 0 0 
vn 0 0 0 
vn 0 0 0 
vn 0 0 0 
vn 0 0 0 
vn 0 0 0 
vn 0 0 0 
vn 0 0 0 
vn 0 0 0 
vn 0 0 0 
vn 0 0 0 
vn 0 0 0 
vn 0 0 0 
vn 0 0 0 
vn 0 0 0 
vn 0 0 0 
vn 0 0 0 
vn 0 0 0 
vn 0 0 0 
vn 0 0 0 
vn 0 0 0 
vn 0 0 0 
vn 0 0 0 
vn 0 0 0 
vn 0 0 0 
vn 0 0 0 
vn 0 0 0 
vn 0 0 0 
vn 0 0 0 
vn 0 0 0 
vn 0 0 0 
vn 0 0 0 
vn 0 0 0 
vn 0 0 0 
vn 0 0 0 
vn 0 0 0 
vn 0 0 0 
vn 0 0 0 
vn 0 0 0 
vn 0 0 0 
vn 0 0 0 
vn 0 0 0 
vn 0 0 0 
vn 0 0 0 
vn 0 0 0 
vn 0 0 0 
vn 0 0 0 
vn 0 0 0 
vn 0 0 0 
vn 0 0 0 
vn 0 0 0 
vn 0 0 0 
vn 0 0 0 
vn 0 0 0 
vn 0 0 0 
vn 0 0 0 
vn 0 0 0 
vn 0 0 0 
vn 0 0 0 
vn 0 0 0 
vn 0 0 0 
vn 0 0 0 
vn 0 0 0 
vn 0 0 0 
vn 0 0 0 
vn 0 0 0 
vn 0 0 0 
vn 0 0 0 
vn 0 0 0 
vn 0 0 0 
vn 0 0 0 
vn 0 0 0 
vn 0 0 0 
vn 0 0 0 
vn 0 0 0 
vn 0 0 0 
vn 0 0 0 
vn 0 0 0 
vn 0 0 0 
vn 0 0 0 
vn 0 0 0 
vn 0 0 0 
vn 0 0 0 
vn 0 0 0 
vn 0 0 0 
vn 0 0 0 
vn 0 0 0 
vn 0 0 0 
vn 0 0 0 
vn 0 0 0 
vn 0 0 0 
vn 0 0 0 
vn 0 0 0 
vn 0 0 0 
vn 0 0 0 
vn 0 0 0 
vn 0 0 0 
vn 0 0 0 
vn 0 0 0 
vn 0 0 0 
vn 0 0 0 
vn 0 0 0 
vn 0 0 0 
vn 0 0 0 
vn 0 0 0 
vn 0 0 0 
vn 0 0 0 
vn 0 0 0 
vn 0 0 0 
vn 0 0 0 
vn 0 0 0 
vn 0 0 0 
vn 0 0 0 
vn 0 0 0 
vn 0 0 0 
vn 0 0 0 
vn 0 0 0 
vn 0 0 0 
vn 0 0 0 
vn 0 0 0 
vn 0 0 0 
vn 0 0 0 
vn 0 0 0 
vn 0 0 0 
vn 0 0 0 
vn 0 0 0 
vn 0 0 0 
vn 0 0 0 
vn 0 0 0 
vn 0 0 0 
vn 0 0 0 
vn 0 0 0 
vn 0 0 0 
vn 0 0 0 
vn 0 0 0 
vn 0 0 0 
vn 0 0 0 
vn 0 0 0 
vn 0 0 0 
vn 0 0 0 
vn 0 0 0 
vn 0 0 0 
vn 0 0 0 
vn 0 0 0 
vn 0 0 0 
vn 0 0 0 
vn 0 0 0 
vn 0 0 0 
vn 0 0 0 
vn 0 0 0 
vn 0 0 0 
vn 0 0 0 
vn 0 0 0 
vn 0 0 0 
vn 0 0 0 
vn 0 0 0 
vn 0 0 0 
vn 0 0 0 
vn 0 0 0 
vn 0 0 0 
vn 0 0 0 
vn 0 0 0 
vn 0 0 0 
vn 0 0 0 
vn 0 0 0 
vn 0 0 0 
vn 0 0 0 
vn 0 0 0 
vn 0 0 0 
vn 0 0 0 
vn 0 0 0 
vn 0 0 0 
vn 0 0 0 
vn 0 0 0 
vn 0 0 0 
vn 0 0 0 
vn 0 0 0 
vn 0 0 0 
vn 0 0 0 
vn 0 0 0 
vn 0 0 0 
vn 0 0 0 
vn 0 0 0 
vn 0 0 0 
vn 0 0 0 
vn 0 0 0 
vn 0 0 0 
vn 0 0 0 
vn 0 0 0 
vn 0 0 0 
vn 0 0 0 
vn 0 0 0 
vn 0 0 0 
vn 0 0 0 
vn 0 0 0 
vn 0 0 0 
vn 0 0 0 
vn 0 0 0 
vn 0 0 0 
vn 0 0 0 
vn 0 0 0 
vn 0 0 0 
vn 0 0 0 
vn 0 0 0 
vn 0 0 0 
vn 0 0 0 
vn 0 0 0 
vn 0 0 0 
vn 0 0 0 
vn 0 0 0 
vn 0 0 0 
vn 0 0 0 
vn 0 0 0 
vn 0 0 0 
vn 0 0 0 
vn 0 0 0 
vn 0 0 0 
vn 0 0 0 
vn 0 0 0 
vn 0 0 0 
vn 0 0 0 
vn 0 0 0 
vn 0 0 0 
vn 0 0 0 
vn 0 0 0 
vn 0 0 0 
vn 0 0 0 
vn 0 0 0 
vn 0 0 0 
vn 0 0 0 
vn 0 0 0 
vn 0 0 0 
vn 0 0 0 
vn 0 0 0 
vn 0 0 0 
vn 0 0 0 
vn 0 0 0 
vn 0 0 0 
vn 0 0 0 
vn 0 0 0 
vn 0 0 0 
vn 0 0 0 
vn 0 0 0 
vn 0 0 0 
vn 0 0 0 
vn 0 0 0 
vn 0 0 0 
vn 0 0 0 
vn 0 0 0 
vn 0 0 0 
vn 0 0 0 
vn 0 0 0 
vn 0 0 0 
vn 0 0 0 
vn 0 0 0 
vn 0 0 0 
vn 0 0 0 
vn 0 0 0 
vn 0 0 0 
vn 0 0 0 
vn 0 0 0 
vn 0 0 0 
vn 0 0 0 
vn 0 0 0 
vn 0 0 0 
vn 0 0 0 
vn 0 0 0 
vn 0 0 0 
vn 0 0 0 
vn 0 0 0 
vn 0 0 0 
vn 0 0 0 
vn 0 0 0 
vn 0 0 0 
vn 0 0 0 
vn 0 0 0 
vn 0 0 0 
vn 0 0 0 
vn 0 0 0 
vn 0 0 0 
vn 0 0 0 
vn 0 0 0 
vn 0 0 0 
vn 0 0 0 
vn 0 0 0 
vn 0 0 0 
vn 0 0 0 
vn 0 0 0 
vn 0 0 0 
vn 0 0 0 
vn 0 0 0 
vn 0 0 0 
vn 0 0 0 
vn 0 0 0 
vn 0 0 0 
vn 0 0 0 
vn 0 0 0 
vn 0 0 0 
vn 0 0 0 
vn 0 0 0 
vn 0 0 0 
vn 0 0 0 
vn 0 0 0 
vn 0 0 0 
vn 0 0 0 
vn 0 0 0 
vn 0 0 0 
vn 0 0 0 
vn 0 0 0 
vn 0 0 0 
vn 0 0 0 
vn 0 0 0 
vn 0 0 0 
vn 0 0 0 
vn 0 0 0 
vn 0 0 0 
vn 0 0 0 
vn 0 0 0 
vn 0 0 0 
vn 0 0 0 
vn 0 0 0 
vn 0 0 0 
vn 0 0 0 
vn 0 0 0 
vn 0 0 0 
vn 0 0 0 
vn 0 0 0 
vn 0 0 0 
vn 0 0 0 
vn 0 0 0 
vn 0 0 0 
vn 0 0 0 
vn 0 0 0 
vn 0 0 0 
vn 0 0 0 
vn 0 0 0 
vn 0 0 0 
vn 0 0 0 
vn 0 0 0 
vn 0 0 0 
vn 0 0 0 
vn 0 0 0 
vn 0 0 0 
vn 0 0 0 
vn 0 0 0 
vn 0 0 0 
vn 0 0 0 
vn 0 0 0 
vn 0 0 0 
vn 0 0 0 
vn 0 0 0 
vn 0 0 0 
vn 0 0 0 
vn 0 0 0 
vn 0 0 0 
vn 0 0 0 
vn 0 0 0 
vn 0 0 0 
vn 0 0 0 
vn 0 0 0 
vn 0 0 0 
vn 0 0 0 
vn 0 0 0 
vn 0 0 0 
vn 0 0 0 
vn 0 0 0 
vn 0 0 0 
vn 0 0 0 
vn 0 0 0 
vn 0 0 0 
vn 0 0 0 
vn 0 0 0 
vn 0 0 0 
vn 0 0 0 
vn 0 0 0 
vn 0 0 0 
vn 0 0 0 
vn 0 0 0 
vn 0 0 0 
vn 0 0 0 
vn 0 0 0 
vn 0 0 0 
vn 0 0 0 
vn 0 0 0 
vn 0 0 0 
vn 0 0 0 
vn 0 0 0 
vn 0 0 0 
vn 0 0 0 
vn 0 0 0 
vn 0 0 0 
vn 0 0 0 
vn 0 0 0 
vn 0 0 0 
vn 0 0 0 
vn 0 0 0 
vn 0 0 0 
vn 0 0 0 
vn 0 0 0 
vn 0 0 0 
vn 0 0 0 
vn 0 0 0 
vn 0 0 0 
vn 0 0 0 
vn 0 0 0 
vn 0 0 0 
vn 0 0 0 
vn 0 0 0 
vn 0 0 0 
vn 0 0 0 
vn 0 0 0 
vn 0 0 0 
vn 0 0 0 
vn 0 0 0 
vn 0 0 0 
vn 0 0 0 
vn 0 0 0 
vn 0 0 0 
vn 0 0 0 
vn 0 0 0 
vn 0 0 0 
vn 0 0 0 
vn 0 0 0 
vn 0 0 0 
vn 0 0 0 
vn 0 0 0 
vn 0 0 0 
vn 0 0 0 
vn 0 0 0 
vn 0 0 0 
vn 0 0 0 
vn 0 0 0 
vn 0 0 0 
vn 0 0 0 
vn 0 0 0 
vn 0 0 0 
vn 0 0 0 
vn 0 0 0 
vn 0 0 0 
vn 0 0 0 
vn 0 0 0 
vn 0 0 0 
vn 0 0 0 
vn 0 0 0 
vn 0 0 0 
vn 0 0 0 
vn 0 0 0 
vn 0 0 0 
vn 0 0 0 
vn 0 0 0 
vn 0 0 0 
vn 0 0 0 
vn 0 0 0 
vn 0 0 0 
vn 0 0 0 
vn 0 0 0 
vn 0 0 0 
vn 0 0 0 
vn 0 0 0 
vn 0 0 0 
vn 0 0 0 
vn 0 0 0 
vn 0 0 0 
vn 0 0 0 
vn 0 0 0 
vn 0 0 0 
vn 0 0 0 
vn 0 0 0 
vn 0 0 0 
vn 0 0 0 
vn 0 0 0 
vn 0 0 0 
vn 0 0 0 
vn 0 0 0 
vn 0 0 0 
vn 0 0 0 
vn 0 0 0 
vn 0 0 0 
vn 0 0 0 
vn 0 0 0 
vn 0 0 0 
vn 0 0 0 
vn 0 0 0 
vn 0 0 0 
vn 0 0 0 
vn 0 0 0 
vn 0 0 0 
vn 0 0 0 
vn 0 0 0 
vn 0 0 0 
vn 0 0 0 
vn 0 0 0 
vn 0 0 0 
vn 0 0 0 
vn 0 0 0 
vn 0 0 0 
vn 0 0 0 
vn 0 0 0 
vn 0 0 0 
vn 0 0 0 
vn 0 0 0 
vn 0 0 0 
vn 0 0 0 
vn 0 0 0 
vn 0 0 0 
vn 0 0 0 
vn 0 0 0 
vn 0 0 0 
vn 0 0 0 
vn 0 0 0 
vn 0 0 0 
vn 0 0 0 
vn 0 0 0 
vn 0 0 0 
vn 0 0 0 
vn 0 0 0 
vn 0 0 0 
vn 0 0 0 
vn 0 0 0 
vn 0 0 0 
vn 0 0 0 
vn 0 0 0 
vn 0 0 0 
vn 0 0 0 
vn 0 0 0 
vn 0 0 0 
vn 0 0 0 
vn 0 0 0 
vn 0 0 0 
vn 0 0 0 
vn 0 0 0 
vn 0 0 0 
vn 0 0 0 
vn 0 0 0 
vn 0 0 0 
vn 0 0 0 
vn 0 0 0 
vn 0 0 0 
vn 0 0 0 
vn 0 0 0 
vn 0 0 0 
vn 0 0 0 
vn 0 0 0 
vn 0 0 0 
vn 0 0 0 
vn 0 0 0 
vn 0 0 0 
vn 0 0 0 
vn 0 0 0 
vn 0 0 0 
vn 0 0 0 
vn 0 0 0 
vn 0 0 0 
vn 0 0 0 
vn 0 0 0 
vn 0 0 0 
vn 0 0 0 
vn 0 0 0 
vn 0 0 0 
vn 0 0 0 
vn 0 0 0 
vn 0 0 0 
vn 0 0 0 
vn 0 0 0 
vn 0 0 0 
vn 0 0 0 
vn 0 0 0 
vn 0 0 0 
vn 0 0 0 
vn 0 0 0 
vn 0 0 0 
vn 0 0 0 
vn 0 0 0 
vn 0 0 0 
vn 0 0 0 
vn 0 0 0 
vn 0 0 0 
vn 0 0 0 
vn 0 0 0 
vn 0 0 0 
vn 0 0 0 
vn 0 0 0 
vn 0 0 0 
vn 0 0 0 
vn 0 0 0 
vn 0 0 0 
vn 0 0 0 
vn 0 0 0 
vn 0 0 0 
vn 0 0 0 
vn 0 0 0 
vn 0 0 0 
vn 0 0 0 
vn 0 0 0 
vn 0 0 0 
vn 0 0 0 
vn 0 0 0 
vn 0 0 0 
vn 0 0 0 
vn 0 0 0 
vn 0 0 0 
vn 0 0 0 
vn 0 0 0 
vn 0 0 0 
vn 0 0 0 
vn 0 0 0 
vn 0 0 0 
vn 0 0 0 
vn 0 0 0 
vn 0 0 0 
vn 0 0 0 
vn 0 0 0 
vn 0 0 0 
vn 0 0 0 
vn 0 0 0 
vn 0 0 0 
vn 0 0 0 
vn 0 0 0 
vn 0 0 0 
vn 0 0 0 
vn 0 0 0 
vn 0 0 0 
vn 0 0 0 
vn 0 0 0 
vn 0 0 0 
vn 0 0 0 
vn 0 0 0 
vn 0 0 0 
vn 0 0 0 
vn 0 0 0 
vn 0 0 0 
vn 0 0 0 
vn 0 0 0 
vn 0 0 0 
vn 0 0 0 
vn 0 0 0 
vn 0 0 0 
vn 0 0 0 
vn 0 0 0 
vn 0 0 0 
vn 0 0 0 
vn 0 0 0 
vn 0 0 0 
vn 0 0 0 
vn 0 0 0 
vn 0 0 0 
vn 0 0 0 
vn 0 0 0 
vn 0 0 0 
vn 0 0 0 
vn 0 0 0 
vn 0 0 0 
vn 0 0 0 
vn 0 0 0 
vn 0 0 0 
vn 0 0 0 
vn 0 0 0 
vn 0 0 0 
vn 0 0 0 
vn 0 0 0 
vn 0 0 0 
vn 0 0 0 
vn 0 0 0 
vn 0 0 0 
vn 0 0 0 
vn 0 0 0 
vn 0 0 0 
vn 0 0 0 
vn 0 0 0 
vn 0 0 0 
vn 0 0 0 
vn 0 0 0 
vn 0 0 0 
vn 0 0 0 
vn 0 0 0 
vn 0 0 0 
vn 0 0 0 
vn 0 0 0 
vn 0 0 0 
vn 0 0 0 
vn 0 0 0 
vn 0 0 0 
vn 0 0 0 
vn 0 0 0 
vn 0 0 0 
vn 0 0 0 
vn 0 0 0 
vn 0 0 0 
vn 0 0 0 
vn 0 0 0 
vn 0 0 0 
vn 0 0 0 
vn 0 0 0 
vn 0 0 0 
vn 0 0 0 
vn 0 0 0 
vn 0 0 0 
vn 0 0 0 
vn 0 0 0 
vn 0 0 0 
vn 0 0 0 
vn 0 0 0 
vn 0 0 0 
vn 0 0 0 
vn 0 0 0 
vn 0 0 0 
vn 0 0 0 
vn 0 0 0 
vn 0 0 0 
vn 0 0 0 
vn 0 0 0 
vn 0 0 0 
vn 0 0 0 
vn 0 0 0 
vn 0 0 0 
vn 0 0 0 
vn 0 0 0 
vn 0 0 0 
vn 0 0 0 
vn 0 0 0 
vn 0 0 0 
vn 0 0 0 
vn 0 0 0 
vn 0 0 0 
vn 0 0 0 
vn 0 0 0 
vn 0 0 0 
vn 0 0 0 
vn 0 0 0 
vn 0 0 0 
vn 0 0 0 
vn 0 0 0 
vn 0 0 0 
vn 0 0 0 
vn 0 0 0 
vn 0 0 0 
vn 0 0 0 
vn 0 0 0 
vn 0 0 0 
vn 0 0 0 
vn 0 0 0 
vn 0 0 0 
vn 0 0 0 
vn 0 0 0 
vn 0 0 0 
vn 0 0 0 
vn 0 0 0 
vn 0 0 0 
vn 0 0 0 
vn 0 0 0 
vn 0 0 0 
vn 0 0 0 
vn 0 0 0 
vn 0 0 0 
vn 0 0 0 
vn 0 0 0 
vn 0 0 0 
vn 0 0 0 
vn 0 0 0 
vn 0 0 0 
vn 0 0 0 
vn 0 0 0 
vn 0 0 0 
vn 0 0 0 
vn 0 0 0 
vn 0 0 0 
vn 0 0 0 
vn 0 0 0 
vn 0 0 0 
vn 0 0 0 
vn 0 0 0 
vn 0 0 0 
vn 0 0 0 
vn 0 0 0 
vn 0 0 0 
vn 0 0 0 
vn 0 0 0 
vn 0 0 0 
vn 0 0 0 
vn 0 0 0 
vn 0 0 0 
vn 0 0 0 
vn 0 0 0 
vn 0 0 0 
vn 0 0 0 
vn 0 0 0 
vn 0 0 0 
vn 0 0 0 
vn 0 0 0 
vn 0 0 0 
vn 0 0 0 
vn 0 0 0 
vn 0 0 0 
vn 0 0 0 
vn 0 0 0 
vn 0 0 0 
vn 0 0 0 
vn 0 0 0 
vn 0 0 0 
vn 0 0 0 
vn 0 0 0 
vn 0 0 0 
vn 0 0 0 
vn 0 0 0 
vn 0 0 0 
vn 0 0 0 
vn 0 0 0 
vn 0 0 0 
vn 0 0 0 
vn 0 0 0 
vn 0 0 0 
vn 0 0 0 
vn 0 0 0 
vn 0 0 0 
vn 0 0 0 
vn 0 0 0 
vn 0 0 0 
vn 0 0 0 
vn 0 0 0 
vn 0 0 0 
vn 0 0 0 
vn 0 0 0 
vn 0 0 0 
vn 0 0 0 
vn 0 0 0 
vn 0 0 0 
vn 0 0 0 
vn 0 0 0 
vn 0 0 0 
vn 0 0 0 
vn 0 0 0 
vn 0 0 0 
vn 0 0 0 
vn 0 0 0 
vn 0 0 0 
vn 0 0 0 
vn 0 0 0 
vn 0 0 0 
vn 0 0 0 
vn 0 0 0 
vn 0 0 0 
vn 0 0 0 
vn 0 0 0 
vn 0 0 0 
vn 0 0 0 
vn 0 0 0 
vn 0 0 0 
vn 0 0 0 
vn 0 0 0 
vn 0 0 0 
vn 0 0 0 
vn 0 0 0 
vn 0 0 0 
vn 0 0 0 
vn 0 0 0 
vn 0 0 0 
vn 0 0 0 
vn 0 0 0 
vn 0 0 0 
vn 0 0 0 
vn 0 0 0 
vn 0 0 0 
vn 0 0 0 
vn 0 0 0 
vn 0 0 0 
vn 0 0 0 
vn 0 0 0 
vn 0 0 0 
vn 0 0 0 
vn 0 0 0 
vn 0 0 0 
vn 0 0 0 
vn 0 0 0 
vn 0 0 0 
vn 0 0 0 
vn 0 0 0 
vn 0 0 0 
vn 0 0 0 
vn 0 0 0 
vn 0 0 0 
vn 0 0 0 
vn 0 0 0 
vn 0 0 0 
vn 0 0 0 
vn 0 0 0 
vn 0 0 0 
vn 0 0 0 
vn 0 0 0 
vn 0 0 0 
vn 0 0 0 
vn 0 0 0 
vn 0 0 0 
vn 0 0 0 
vn 0 0 0 
vn 0 0 0 
vn 0 0 0 
vn 0 0 0 
vn 0 0 0 
vn 0 0 0 
vn 0 0 0 
vn 0 0 0 
vn 0 0 0 
vn 0 0 0 
vn 0 0 0 
vn 0 0 0 
vn 0 0 0 
vn 0 0 0 
vn 0 0 0 
vn 0 0 0 
vn 0 0 0 
vn 0 0 0 
vn 0 0 0 
vn 0 0 0 
vn 0 0 0 
vn 0 0 0 
vn 0 0 0 
vn 0 0 0 
vn 0 0 0 
vn 0 0 0 
vn 0 0 0 
vn 0 0 0 
vn 0 0 0 
vn 0 0 0 
vn 0 0 0 
vn 0 0 0 
vn 0 0 0 
vn 0 0 0 
vn 0 0 0 
vn 0 0 0 
vn 0 0 0 
vn 0 0 0 
vn 0 0 0 
vn 0 0 0 
vn 0 0 0 
vn 0 0 0 
vn 0 0 0 
vn 0 0 0 
vn 0 0 0 
vn 0 0 0 
vn 0 0 0 
vn 0 0 0 
vn 0 0 0 
vn 0 0 0 
vn 0 0 0 
vn 0 0 0 
vn 0 0 0 
vn 0 0 0 
vn 0 0 0 
vn 0 0 0 
vn 0 0 0 
vn 0 0 0 
vn 0 0 0 
vn 0 0 0 
vn 0 0 0 
vn 0 0 0 
vn 0 0 0 
vn 0 0 0 
vn 0 0 0 
vn 0 0 0 
vn 0 0 0 
vn 0 0 0 
vn 0 0 0 
vn 0 0 0 
vn 0 0 0 
vn 0 0 0 
vn 0 0 0 
vn 0 0 0 
vn 0 0 0 
vn 0 0 0 
vn 0 0 0 
vn 0 0 0 
vn 0 0 0 
vn 0 0 0 
vn 0 0 0 
vn 0 0 0 
vn 0 0 0 
vn 0 0 0 
vn 0 0 0 
vn 0 0 0 
vn 0 0 0 
vn 0 0 0 
vn 0 0 0 
vn 0 0 0 
vn 0 0 0 
vn 0 0 0 
vn 0 0 0 
vn 0 0 0 
vn 0 0 0 
vn 0 0 0 
vn 0 0 0 
vn 0 0 0 
vn 0 0 0 
vn 0 0 0 
vn 0 0 0 
vn 0 0 0 
vn 0 0 0 
vn 0 0 0 
vn 0 0 0 
vn 0 0 0 
vn 0 0 0 
vn 0 0 0 
vn 0 0 0 
vn 0 0 0 
vn 0 0 0 
vn 0 0 0 
vn 0 0 0 
vn 0 0 0 
vn 0 0 0 
vn 0 0 0 
vn 0 0 0 
vn 0 0 0 
vn 0 0 0 
vn 0 0 0 
vn 0 0 0 
vn 0 0 0 
vn 0 0 0 
vn 0 0 0 
vn 0 0 0 
vn 0 0 0 
vn 0 0 0 
vn 0 0 0 
vn 0 0 0 
vn 0 0 0 
vn 0 0 0 
vn 0 0 0 
vn 0 0 0 
vn 0 0 0 
vn 0 0 0 
vn 0 0 0 
vn 0 0 0 
vn 0 0 0 
vn 0 0 0 
vn 0 0 0 
vn 0 0 0 
vn 0 0 0 
vn 0 0 0 
vn 0 0 0 
vn 0 0 0 
vn 0 0 0 
vn 0 0 0 
vn 0 0 0 
vn 0 0 0 
vn 0 0 0 
vn 0 0 0 
vn 0 0 0 
vn 0 0 0 
vn 0 0 0 
vn 0 0 0 
vn 0 0 0 
vn 0 0 0 
vn 0 0 0 
vn 0 0 0 
vn 0 0 0 
vn 0 0 0 
vn 0 0 0 
vn 0 0 0 
vn 0 0 0 
vn 0 0 0 
vn 0 0 0 
vn 0 0 0 
vn 0 0 0 
vn 0 0 0 
vn 0 0 0 
vn 0 0 0 
vn 0 0 0 
vn 0 0 0 
vn 0 0 0 
vn 0 0 0 
vn 0 0 0 
vn 0 0 0 
vn 0 0 0 
vn 0 0 0 
vn 0 0 0 
vn 0 0 0 
vn 0 0 0 
vn 0 0 0 
vn 0 0 0 
vn 0 0 0 
vn 0 0 0 
vn 0 0 0 
vn 0 0 0 
vn 0 0 0 
vn 0 0 0 
vn 0 0 0 
vn 0 0 0 
vn 0 0 0 
vn 0 0 0 
vn 0 0 0 
vn 0 0 0 
vn 0 0 0 
vn 0 0 0 
vn 0 0 0 
vn 0 0 0 
vn 0 0 0 
vn 0 0 0 
vn 0 0 0 
vn 0 0 0 
vn 0 0 0 
vn 0 0 0 
vn 0 0 0 
vn 0 0 0 
vn 0 0 0 
vn 0 0 0 
vn 0 0 0 
vn 0 0 0 
vn 0 0 0 
vn 0 0 0 
vn 0 0 0 
vn 0 0 0 
vn 0 0 0 
vn 0 0 0 
vn 0 0 0 
vn 0 0 0 
vn 0 0 0 
vn 0 0 0 
vn 0 0 0 
vn 0 0 0 
vn 0 0 0 
vn 0 0 0 
vn 0 0 0 
vn 0 0 0 
vn 0 0 0 
vn 0 0 0 
vn 0 0 0 
vn 0 0 0 
vn 0 0 0 
vn 0 0 0 
vn 0 0 0 
vn 0 0 0 
vn 0 0 0 
vn 0 0 0 
vn 0 0 0 
vn 0 0 0 
vn 0 0 0 
vn 0 0 0 
vn 0 0 0 
vn 0 0 0 
vn 0 0 0 
vn 0 0 0 
vn 0 0 0 
vn 0 0 0 
vn 0 0 0 
vn 0 0 0 
vn 0 0 0 
vn 0 0 0 
vn 0 0 0 
vn 0 0 0 
vn 0 0 0 
vn 0 0 0 
vn 0 0 0 
vn 0 0 0 
vn 0 0 0 
vn 0 0 0 
vn 0 0 0 
vn 0 0 0 
vn 0 0 0 
vn 0 0 0 
vn 0 0 0 
vn 0 0 0 
vn 0 0 0 
vn 0 0 0 
vn 0 0 0 
vn 0 0 0 
vn 0 0 0 
vn 0 0 0 
vn 0 0 0 
vn 0 0 0 
vn 0 0 0 
vn 0 0 0 
vn 0 0 0 
vn 0 0 0 
vn 0 0 0 
vn 0 0 0 
vn 0 0 0 
vn 0 0 0 
vn 0 0 0 
vn 0 0 0 
vn 0 0 0 
vn 0 0 0 
vn 0 0 0 
vn 0 0 0 
vn 0 0 0 
vn 0 0 0 
vn 0 0 0 
vn 0 0 0 
vn 0 0 0 
vn 0 0 0 
vn 0 0 0 
vn 0 0 0 
vn 0 0 0 
vn 0 0 0 
vn 0 0 0 
vn 0 0 0 
vn 0 0 0 
vn 0 0 0 
vn 0 0 0 
vn 0 0 0 
vn 0 0 0 
vn 0 0 0 
vn 0 0 0 
vn 0 0 0 
vn 0 0 0 
vn 0 0 0 
vn 0 0 0 
vn 0 0 0 

vt 0.107455 -0.203747 
vt 0.223091 -0.206055 
vt 0.112027 -0.136068 
vt 0.223091 -0.136512 
vt 0.120461 -0.092711 
vt 0.223005 -0.099813 
vt 0.132446 -0.055424 
vt 0.223005 -0.067853 
vt 0.154196 -0.025684 
vt 0.223005 -0.031454 
vt 0.193702 -0.011479 
vt 0.223091 -0.011479 
vt 0.223005 -0.236017 
vt 0.114246 -0.234685 
vt 0.223005 -0.251628 
vt 0.139548 -0.256955 
vt 0.223091 -0.273379 
vt 0.178167 -0.270272 
vt 0.65767 -0.217708 
vt 0.750834 -0.215425 
vt 0.657481 -0.156123 
vt 0.747057 -0.155581 
vt 0.740224 -0.118075 
vt 0.657462 -0.12419 
vt 0.730558 -0.087052 
vt 0.65756 -0.09745 
vt 0.713268 -0.061475 
vt 0.657822 -0.065591 
vt 0.682053 -0.048574 
vt 0.658212 -0.046692 
vt 0.657817 -0.244587 
vt 0.745411 -0.242734 
vt 0.657964 -0.25797 
vt 0.725407 -0.261649 
vt 0.658242 -0.276067 
vt 0.694545 -0.272595 
vt 0.761343 -0.155071 
vt 0.76509 -0.215443 
vt 0.754542 -0.114819 
vt 0.757615 -0.250052 
vt 0.742858 -0.07872 
vt 0.721051 -0.048956 
vt 0.686445 -0.03382 
vt 0.660239 -0.0301501 
vt 0.732839 -0.27517 
vt 0.69761 -0.287616 
vt 0.659701 -0.291666 
vt 0.338641 -0.203747 
vt 0.334069 -0.136068 
vt 0.325635 -0.092711 
vt 0.223091 -0.099813 
vt 0.31365 -0.055424 
vt 0.223091 -0.067853 
vt 0.291899 -0.025684 
vt 0.223091 -0.031454 
vt 0.252393 -0.011479 
vt 0.223091 -0.236017 
vt 0.331849 -0.234685 
vt 0.223091 -0.251628 
vt 0.306548 -0.256955 
vt 0.267929 -0.270272 
vt 0.56238 -0.213183 
vt 0.654842 -0.215431 
vt 0.566114 -0.153795 
vt 0.655019 -0.154292 
vt 0.572883 -0.11658 
vt 0.655027 -0.1226 
vt 0.582458 -0.085824 
vt 0.654917 -0.096072 
vt 0.599633 -0.060485 
vt 0.654674 -0.064574 
vt 0.630633 -0.047762 
vt 0.654254 -0.046944 
vt 0.654681 -0.242152 
vt 0.567754 -0.240277 
vt 0.654577 -0.255601 
vt 0.587606 -0.259019 
vt 0.654254 -0.274437 
vt 0.618135 -0.269931 
vt 0.551917 -0.153321 
vt 0.54824 -0.213282 
vt 0.558686 -0.113212 
vt 0.555627 -0.247501 
vt 0.57046 -0.077419 
vt 0.591835 -0.048187 
vt 0.626424 -0.033106 
vt 0.652727 -0.030342 
vt 0.580233 -0.272413 
vt 0.614879 -0.284826 
vt 0.652431 -0.28989 
vt 0.199039 -0.469968 
vt 0.273996 -0.471773 
vt 0.200427 -0.423696 
vt 0.272589 -0.426791 
vt 0.268011 -0.396542 
vt 0.201295 -0.398068 
vt 0.260778 -0.371505 
vt 0.202147 -0.376589 
vt 0.247408 -0.351709 
vt 0.203418 -0.351697 
vt 0.223574 -0.340137 
vt 0.20453 -0.335573 
vt 0.198548 -0.490081 
vt 0.269035 -0.491476 
vt 0.19835 -0.5011 
vt 0.252657 -0.505498 
vt 0.19832 -0.515928 
vt 0.227822 -0.513982 
vt 0.986761 -0.496136 
vt 0.896008 -0.497983 
vt 0.98313 -0.44054 
vt 0.895967 -0.440896 
vt 0.976505 -0.408201 
vt 0.895966 -0.413872 
vt 0.967125 -0.379056 
vt 0.895999 -0.38897 
vt 0.950042 -0.354626 
vt 0.895999 -0.359229 
vt 0.919013 -0.343296 
vt 0.895999 -0.343296 
vt 0.895987 -0.522834 
vt 0.981406 -0.521768 
vt 0.89598 -0.534993 
vt 0.961528 -0.539258 
vt 0.895999 -0.551464 
vt 0.931216 -0.548976 
vt 0.288885 -0.422619 
vt 0.290038 -0.472573 
vt 0.284763 -0.391493 
vt 0.282153 -0.503082 
vt 0.275916 -0.36147 
vt 0.25714 -0.337484 
vt 0.230011 -0.321134 
vt 0.209135 -0.314124 
vt 0.260033 -0.52368 
vt 0.230867 -0.534146 
vt 0.199494 -0.536965 
vt 0.117444 -0.475192 
vt 0.191893 -0.472937 
vt 0.118646 -0.430504 
vt 0.190335 -0.42696 
vt 0.123048 -0.400373 
vt 0.18939 -0.40151 
vt 0.130167 -0.375388 
vt 0.188516 -0.380222 
vt 0.14345 -0.355667 
vt 0.187395 -0.355832 
vt 0.167328 -0.344301 
vt 0.186342 -0.342204 
vt 0.192447 -0.492998 
vt 0.122438 -0.494688 
vt 0.192796 -0.504353 
vt 0.138742 -0.508484 
vt 0.19297 -0.520136 
vt 0.16339 -0.517013 
vt 0.890587 -0.495519 
vt 0.799834 -0.493672 
vt 0.890627 -0.438432 
vt 0.803466 -0.438076 
vt 0.810091 -0.405737 
vt 0.890628 -0.411408 
vt 0.81947 -0.376592 
vt 0.890595 -0.386506 
vt 0.836553 -0.352162 
vt 0.890595 -0.356765 
vt 0.867581 -0.340832 
vt 0.890595 -0.340832 
vt 0.890607 -0.52037 
vt 0.805189 -0.519304 
vt 0.890614 -0.532529 
vt 0.825068 -0.536794 
vt 0.890595 -0.549 
vt 0.855379 -0.546512 
vt 0.102505 -0.426775 
vt 0.101608 -0.475903 
vt 0.10617 -0.396132 
vt 0.10963 -0.506168 
vt 0.114405 -0.365444 
vt 0.134193 -0.3408 
vt 0.161652 -0.325288 
vt 0.183027 -0.320242 
vt 0.1312 -0.526269 
vt 0.160059 -0.537158 
vt 0.19132 -0.541098 
vt 0.690373 -0.808255 
vt 0.690373 -0.703456 
vt 0.652671 -0.808255 
vt 0.652671 -0.703456 
vt 0.349185 -0.645199 
vt 0.393945 -0.633987 
vt 0.349185 -0.607495 
vt 0.393945 -0.596285 
vt 0.652671 -0.593062 
vt 0.652671 -0.697863 
vt 0.690373 -0.593062 
vt 0.690373 -0.697863 
vt 0.228559 -0.716433 
vt 0.183798 -0.705221 
vt 0.228559 -0.754135 
vt 0.183798 -0.742924 
vt 0.730673 -0.593062 
vt 0.730673 -0.697863 
vt 0.775434 -0.593062 
vt 0.775434 -0.697863 
vt 0.730673 -0.703456 
vt 0.730673 -0.808255 
vt 0.775434 -0.703456 
vt 0.775434 -0.808255 
vt 0.695965 -0.697863 
vt 0.695965 -0.593062 
vt 0.314477 -0.634148 
vt 0.314477 -0.596446 
vt 0.149091 -0.753974 
vt 0.149091 -0.716271 
vt 0.695965 -0.808255 
vt 0.695965 -0.703456 
vt 0.504633 -0.79696 
vt 0.566603 -0.793462 
vt 0.505233 -0.781794 
vt 0.566747 -0.776712 
vt 0.573402 -0.749337 
vt 0.505486 -0.76662 
vt 0.441697 -0.773174 
vt 0.440417 -0.786023 
vt 0.438791 -0.798865 
vt 0.206233 -0.772933 
vt 0.138443 -0.755647 
vt 0.206832 -0.788098 
vt 0.14532 -0.783017 
vt 0.145116 -0.799775 
vt 0.207085 -0.803273 
vt 0.272927 -0.805178 
vt 0.271648 -0.792329 
vt 0.270022 -0.779487 
vt 0.083601 -0.737979 
vt 0.079389 -0.807981 
vt 0.092075 -0.738407 
vt 0.08781 -0.808945 
vt 0.096327 -0.809157 
vt 0.10054 -0.739155 
vt 0.104489 -0.664778 
vt 0.096285 -0.663643 
vt 0.08805 -0.663602 
vt 0.19133 -0.690071 
vt 0.24119 -0.716221 
vt 0.194231 -0.684111 
vt 0.243808 -0.710146 
vt 0.247169 -0.70449 
vt 0.197349 -0.678274 
vt 0.144652 -0.649791 
vt 0.147787 -0.659716 
vt 0.137911 -0.663003 
vt 0.40384 -0.785171 
vt 0.407304 -0.775072 
vt 0.392707 -0.76518 
vt 0.386578 -0.772058 
vt 0.380133 -0.778953 
vt 0.400028 -0.795262 
vt 0.270025 -0.724105 
vt 0.268024 -0.730399 
vt 0.279284 -0.736528 
vt 0.280621 -0.729877 
vt 0.285121 -0.725139 
vt 0.273883 -0.718869 
vt 0.308226 -0.791476 
vt 0.31169 -0.801575 
vt 0.334853 -0.783487 
vt 0.325404 -0.778534 
vt 0.318949 -0.771621 
vt 0.304414 -0.781384 
vt 0.593415 -0.775009 
vt 0.593747 -0.792287 
vt 0.598664 -0.787799 
vt 0.600319 -0.774998 
vt 0.601051 -0.744919 
vt 0.594119 -0.745277 
vt 0.118651 -0.781314 
vt 0.117948 -0.751582 
vt 0.110841 -0.751229 
vt 0.111574 -0.781306 
vt 0.113016 -0.794113 
vt 0.117973 -0.7986 
vt 0.564549 -0.742373 
vt 0.586194 -0.704012 
vt 0.589063 -0.703559 
vt 0.534734 -0.691844 
vt 0.534843 -0.658361 
vt 0.528082 -0.692211 
vt 0.528191 -0.659201 
vt 0.521123 -0.658341 
vt 0.521014 -0.691825 
vt 0.520819 -0.728904 
vt 0.529027 -0.723284 
vt 0.596284 -0.702168 
vt 0.603302 -0.700772 
vt 0.603005 -0.655817 
vt 0.596234 -0.659076 
vt 0.589258 -0.662222 
vt 0.115782 -0.708473 
vt 0.122656 -0.709872 
vt 0.122462 -0.668535 
vt 0.115832 -0.66538 
vt 0.108887 -0.662126 
vt 0.108591 -0.707081 
vt 0.52823 -0.637857 
vt 0.534883 -0.636342 
vt 0.534926 -0.62346 
vt 0.528274 -0.62552 
vt 0.521056 -0.623441 
vt 0.521163 -0.636322 
vt 0.590288 -0.629394 
vt 0.596097 -0.623318 
vt 0.583257 -0.603058 
vt 0.579013 -0.611473 
vt 0.574558 -0.619135 
vt 0.584276 -0.635038 
vt 0.121778 -0.6357 
vt 0.127443 -0.641351 
vt 0.137162 -0.625447 
vt 0.133054 -0.617778 
vt 0.128636 -0.609367 
vt 0.115796 -0.629627 
vt 0.485928 -0.753055 
vt 0.49258 -0.754837 
vt 0.48605 -0.740851 
vt 0.492702 -0.742014 
vt 0.493576 -0.720138 
vt 0.486924 -0.719492 
vt 0.478805 -0.719186 
vt 0.478382 -0.741061 
vt 0.47871 -0.753885 
vt 0.56297 -0.603659 
vt 0.565168 -0.594822 
vt 0.537847 -0.593099 
vt 0.537364 -0.601535 
vt 0.536635 -0.609108 
vt 0.560543 -0.611635 
vt 0.149097 -0.609964 
vt 0.151177 -0.617948 
vt 0.473669 -0.742965 
vt 0.47274 -0.719535 
vt 0.174702 -0.60784 
vt 0.174046 -0.599409 
vt 0.146725 -0.601131 
vt 0.489224 -0.683614 
vt 0.495877 -0.684087 
vt 0.498347 -0.648088 
vt 0.491701 -0.64784 
vt 0.483525 -0.64722 
vt 0.480955 -0.683135 
vt 0.497398 -0.600684 
vt 0.497309 -0.592383 
vt 0.456647 -0.598202 
vt 0.457446 -0.606117 
vt 0.457892 -0.613207 
vt 0.497235 -0.608123 
vt 0.47444 -0.682967 
vt 0.477292 -0.646516 
vt 0.254504 -0.612548 
vt 0.255149 -0.604623 
vt 0.214667 -0.606988 
vt 0.214583 -0.598691 
vt 0.508693 -0.682757 
vt 0.502056 -0.682367 
vt 0.508478 -0.70983 
vt 0.501863 -0.710501 
vt 0.501994 -0.733839 
vt 0.508618 -0.73202 
vt 0.515253 -0.733923 
vt 0.515358 -0.710898 
vt 0.515895 -0.683047 
vt 0.382891 -0.701305 
vt 0.373058 -0.701049 
vt 0.379711 -0.739507 
vt 0.370896 -0.742742 
vt 0.3883 -0.736368 
vt 0.392469 -0.701635 
vt 0.328558 -0.708764 
vt 0.318782 -0.708811 
vt 0.332021 -0.746499 
vt 0.323169 -0.743195 
vt 0.341061 -0.745728 
vt 0.338389 -0.707391 
vt 0.493102 -0.626792 
vt 0.499729 -0.626368 
vt 0.504162 -0.623441 
vt 0.503352 -0.641068 
vt 0.51079 -0.625193 
vt 0.509968 -0.642521 
vt 0.51755 -0.641599 
vt 0.518685 -0.623719 
vt 0.485207 -0.625751 
vt 0.502601 -0.659966 
vt 0.509229 -0.661015 
vt 0.516623 -0.660661 
vt 0.431877 -0.622848 
vt 0.42895 -0.616089 
vt 0.407946 -0.6411 
vt 0.413661 -0.646134 
vt 0.418548 -0.65065 
vt 0.434154 -0.628887 
vt 0.387362 -0.668294 
vt 0.39577 -0.671233 
vt 0.403603 -0.673981 
vt 0.479821 -0.623441 
vt 0.277197 -0.635567 
vt 0.292558 -0.657642 
vt 0.279723 -0.629655 
vt 0.297622 -0.653364 
vt 0.303295 -0.648238 
vt 0.282556 -0.622849 
vt 0.307499 -0.681175 
vt 0.315496 -0.678727 
vt 0.323853 -0.675656 
vt 0.276949 -0.699516 
vt 0.25682 -0.687464 
vt 0.275392 -0.702117 
vt 0.255194 -0.690006 
vt 0.252962 -0.693736 
vt 0.273156 -0.705855 
vt 0.281662 -0.711085 
vt 0.286295 -0.710151 
vt 0.284756 -0.705918 
vt 0.250668 -0.697562 
vt 0.2489 -0.700687 
vt 0.270866 -0.709673 
vt 0.269029 -0.712739 
vt 0.278219 -0.716833 
vt 0.2829 -0.715818 
vt 0.098392 -0.619032 
vt 0.105831 -0.62099 
vt 0.105957 -0.598516 
vt 0.099403 -0.595626 
vt 0.09173 -0.593649 
vt 0.09089 -0.619814 
vt 0.085537 -0.840882 
vt 0.07726 -0.838644 
vt 0.115991 -0.804371 
vt 0.11061 -0.798598 
vt 0.288186 -0.715747 
vt 0.600589 -0.792273 
vt 0.594688 -0.798035 
vt 0.094197 -0.839819 
vt 0.220891 -0.679734 
vt 0.223199 -0.675886 
vt 0.192378 -0.657402 
vt 0.190201 -0.661358 
vt 0.189231 -0.665051 
vt 0.219335 -0.683031 
vt 0.225417 -0.672178 
vt 0.227255 -0.669808 
vt 0.197151 -0.651827 
vt 0.194726 -0.653801 
vt 0.167261 -0.647597 
vt 0.169014 -0.643376 
vt 0.154033 -0.634178 
vt 0.152623 -0.6388 
vt 0.153923 -0.643911 
vt 0.167485 -0.652023 
vt 0.171787 -0.640041 
vt 0.175405 -0.6388 
vt 0.113422 -0.626471 
vt 0.126799 -0.604575 
vt 0.157447 -0.630748 
vt 0.627691 -0.589591 
vt 0.621682 -0.58987 
vt 0.62768 -0.61085 
vt 0.621033 -0.611171 
vt 0.620644 -0.642777 
vt 0.628151 -0.642415 
vt 0.633488 -0.642375 
vt 0.63256 -0.611512 
vt 0.565753 -0.589591 
vt 0.584573 -0.598254 
vt 0.145619 -0.595911 
vt 0.608347 -0.612883 
vt 0.605936 -0.643746 
vt 0.61342 -0.611634 
vt 0.611666 -0.643198 
vt 0.615657 -0.590375 
vt 0.629599 -0.68844 
vt 0.62121 -0.688817 
vt 0.623071 -0.735606 
vt 0.631754 -0.734986 
vt 0.638771 -0.734099 
vt 0.635979 -0.688166 
vt 0.612372 -0.689224 
vt 0.607315 -0.689538 
vt 0.214305 -0.593649 
vt 0.255456 -0.599716 
vt 0.615024 -0.735709 
vt 0.466155 -0.696759 
vt 0.460911 -0.695974 
vt 0.465749 -0.731642 
vt 0.460559 -0.728552 
vt 0.458789 -0.758612 
vt 0.465004 -0.761935 
vt 0.470313 -0.760072 
vt 0.470561 -0.730741 
vt 0.470607 -0.696969 
vt 0.342066 -0.703768 
vt 0.344926 -0.734828 
vt 0.455816 -0.728027 
vt 0.45717 -0.719197 
vt 0.456453 -0.694039 
vt 0.634349 -0.768111 
vt 0.626567 -0.769463 
vt 0.629924 -0.795366 
vt 0.636615 -0.793555 
vt 0.404014 -0.637756 
vt 0.426538 -0.611765 
vt 0.640597 -0.765386 
vt 0.284619 -0.618347 
vt 0.306994 -0.644555 
vt 0.453973 -0.646076 
vt 0.459593 -0.644782 
vt 0.450833 -0.624847 
vt 0.456874 -0.623441 
vt 0.619109 -0.768652 
vt 0.327783 -0.673353 
vt 0.455617 -0.669402 
vt 0.460764 -0.668506 
vt 0.465957 -0.668925 
vt 0.470104 -0.670437 
vt 0.383207 -0.666427 
vt 0.465013 -0.645701 
vt 0.566603 -0.793462 
vt 0.504633 -0.79696 
vt 0.566747 -0.776712 
vt 0.505233 -0.781794 
vt 0.573402 -0.749337 
vt 0.505486 -0.76662 
vt 0.441697 -0.773174 
vt 0.440417 -0.786023 
vt 0.438791 -0.798865 
vt 0.138443 -0.755647 
vt 0.206233 -0.772933 
vt 0.14532 -0.783017 
vt 0.206832 -0.788098 
vt 0.145116 -0.799775 
vt 0.207085 -0.803273 
vt 0.272927 -0.805178 
vt 0.271648 -0.792329 
vt 0.270022 -0.779487 
vt 0.079389 -0.807981 
vt 0.083601 -0.737979 
vt 0.08781 -0.808945 
vt 0.092075 -0.738407 
vt 0.096327 -0.809157 
vt 0.10054 -0.739155 
vt 0.104489 -0.664778 
vt 0.096285 -0.663643 
vt 0.08805 -0.663602 
vt 0.24119 -0.716221 
vt 0.19133 -0.690071 
vt 0.243808 -0.710146 
vt 0.194231 -0.684111 
vt 0.247169 -0.70449 
vt 0.197349 -0.678274 
vt 0.144652 -0.649791 
vt 0.147787 -0.659716 
vt 0.137911 -0.663003 
vt 0.407304 -0.775072 
vt 0.40384 -0.785171 
vt 0.392707 -0.76518 
vt 0.386578 -0.772058 
vt 0.380133 -0.778953 
vt 0.400028 -0.795262 
vt 0.268024 -0.730399 
vt 0.270025 -0.724105 
vt 0.279284 -0.736528 
vt 0.280621 -0.729877 
vt 0.285121 -0.725139 
vt 0.273883 -0.718869 
vt 0.31169 -0.801575 
vt 0.308226 -0.791476 
vt 0.334853 -0.783487 
vt 0.325404 -0.778534 
vt 0.318949 -0.771621 
vt 0.304414 -0.781384 
vt 0.593747 -0.792287 
vt 0.593415 -0.775009 
vt 0.598664 -0.787799 
vt 0.600319 -0.774998 
vt 0.601051 -0.744919 
vt 0.594119 -0.745277 
vt 0.117948 -0.751582 
vt 0.118651 -0.781314 
vt 0.110841 -0.751229 
vt 0.111574 -0.781306 
vt 0.113016 -0.794113 
vt 0.117973 -0.7986 
vt 0.564549 -0.742373 
vt 0.589063 -0.703559 
vt 0.586194 -0.704012 
vt 0.534843 -0.658361 
vt 0.534734 -0.691844 
vt 0.528191 -0.659201 
vt 0.528082 -0.692211 
vt 0.521123 -0.658341 
vt 0.521014 -0.691825 
vt 0.520819 -0.728904 
vt 0.529027 -0.723284 
vt 0.603302 -0.700772 
vt 0.596284 -0.702168 
vt 0.603005 -0.655817 
vt 0.596234 -0.659076 
vt 0.589258 -0.662222 
vt 0.122656 -0.709872 
vt 0.115782 -0.708473 
vt 0.122462 -0.668535 
vt 0.115832 -0.66538 
vt 0.108887 -0.662126 
vt 0.108591 -0.707081 
vt 0.534883 -0.636342 
vt 0.52823 -0.637857 
vt 0.534926 -0.62346 
vt 0.528274 -0.62552 
vt 0.521056 -0.623441 
vt 0.521163 -0.636322 
vt 0.596097 -0.623318 
vt 0.590288 -0.629394 
vt 0.583257 -0.603058 
vt 0.579013 -0.611473 
vt 0.574558 -0.619135 
vt 0.584276 -0.635038 
vt 0.127443 -0.641351 
vt 0.121778 -0.6357 
vt 0.137162 -0.625447 
vt 0.133054 -0.617778 
vt 0.128636 -0.609367 
vt 0.115796 -0.629627 
vt 0.49258 -0.754837 
vt 0.485928 -0.753055 
vt 0.492702 -0.742014 
vt 0.48605 -0.740851 
vt 0.493576 -0.720138 
vt 0.486924 -0.719492 
vt 0.478805 -0.719186 
vt 0.478382 -0.741061 
vt 0.47871 -0.753885 
vt 0.565168 -0.594822 
vt 0.56297 -0.603659 
vt 0.537847 -0.593099 
vt 0.537364 -0.601535 
vt 0.536635 -0.609108 
vt 0.560543 -0.611635 
vt 0.151177 -0.617948 
vt 0.149097 -0.609964 
vt 0.47274 -0.719535 
vt 0.473669 -0.742965 
vt 0.174046 -0.599409 
vt 0.174702 -0.60784 
vt 0.146725 -0.601131 
vt 0.495877 -0.684087 
vt 0.489224 -0.683614 
vt 0.498347 -0.648088 
vt 0.491701 -0.64784 
vt 0.483525 -0.64722 
vt 0.480955 -0.683135 
vt 0.497309 -0.592383 
vt 0.497398 -0.600684 
vt 0.456647 -0.598202 
vt 0.457446 -0.606117 
vt 0.457892 -0.613207 
vt 0.497235 -0.608123 
vt 0.47444 -0.682967 
vt 0.477292 -0.646516 
vt 0.255149 -0.604623 
vt 0.254504 -0.612548 
vt 0.214583 -0.598691 
vt 0.214667 -0.606988 
vt 0.502056 -0.682367 
vt 0.508693 -0.682757 
vt 0.501863 -0.710501 
vt 0.508478 -0.70983 
vt 0.501994 -0.733839 
vt 0.508618 -0.73202 
vt 0.515253 -0.733923 
vt 0.515358 -0.710898 
vt 0.515895 -0.683047 
vt 0.373058 -0.701049 
vt 0.382891 -0.701305 
vt 0.370896 -0.742742 
vt 0.379711 -0.739507 
vt 0.3883 -0.736368 
vt 0.392469 -0.701635 
vt 0.318782 -0.708811 
vt 0.328558 -0.708764 
vt 0.323169 -0.743195 
vt 0.332021 -0.746499 
vt 0.341061 -0.745728 
vt 0.338389 -0.707391 
vt 0.499729 -0.626368 
vt 0.493102 -0.626792 
vt 0.503352 -0.641068 
vt 0.504162 -0.623441 
vt 0.509968 -0.642521 
vt 0.51079 -0.625193 
vt 0.51755 -0.641599 
vt 0.518685 -0.623719 
vt 0.485207 -0.625751 
vt 0.502601 -0.659966 
vt 0.509229 -0.661015 
vt 0.516623 -0.660661 
vt 0.42895 -0.616089 
vt 0.431877 -0.622848 
vt 0.407946 -0.6411 
vt 0.413661 -0.646134 
vt 0.418548 -0.65065 
vt 0.434154 -0.628887 
vt 0.387362 -0.668294 
vt 0.39577 -0.671233 
vt 0.403603 -0.673981 
vt 0.479821 -0.623441 
vt 0.292558 -0.657642 
vt 0.277197 -0.635567 
vt 0.297622 -0.653364 
vt 0.279723 -0.629655 
vt 0.303295 -0.648238 
vt 0.282556 -0.622849 
vt 0.307499 -0.681175 
vt 0.315496 -0.678727 
vt 0.323853 -0.675656 
vt 0.25682 -0.687464 
vt 0.276949 -0.699516 
vt 0.255194 -0.690006 
vt 0.275392 -0.702117 
vt 0.252962 -0.693736 
vt 0.273156 -0.705855 
vt 0.281662 -0.711085 
vt 0.286295 -0.710151 
vt 0.284756 -0.705918 
vt 0.2489 -0.700687 
vt 0.250668 -0.697562 
vt 0.269029 -0.712739 
vt 0.270866 -0.709673 
vt 0.278219 -0.716833 
vt 0.2829 -0.715818 
vt 0.105831 -0.62099 
vt 0.098392 -0.619032 
vt 0.105957 -0.598516 
vt 0.099403 -0.595626 
vt 0.09173 -0.593649 
vt 0.09089 -0.619814 
vt 0.07726 -0.838644 
vt 0.085537 -0.840882 
vt 0.11061 -0.798598 
vt 0.115991 -0.804371 
vt 0.288186 -0.715747 
vt 0.600589 -0.792273 
vt 0.594688 -0.798035 
vt 0.094197 -0.839819 
vt 0.223199 -0.675886 
vt 0.220891 -0.679734 
vt 0.192378 -0.657402 
vt 0.190201 -0.661358 
vt 0.189231 -0.665051 
vt 0.219335 -0.683031 
vt 0.227255 -0.669808 
vt 0.225417 -0.672178 
vt 0.197151 -0.651827 
vt 0.194726 -0.653801 
vt 0.169014 -0.643376 
vt 0.167261 -0.647597 
vt 0.154033 -0.634178 
vt 0.152623 -0.6388 
vt 0.153923 -0.643911 
vt 0.167485 -0.652023 
vt 0.175405 -0.6388 
vt 0.171787 -0.640041 
vt 0.126799 -0.604575 
vt 0.113422 -0.626471 
vt 0.157447 -0.630748 
vt 0.621682 -0.58987 
vt 0.627691 -0.589591 
vt 0.621033 -0.611171 
vt 0.62768 -0.61085 
vt 0.620644 -0.642777 
vt 0.628151 -0.642415 
vt 0.633488 -0.642375 
vt 0.63256 -0.611512 
vt 0.584573 -0.598254 
vt 0.565753 -0.589591 
vt 0.145619 -0.595911 
vt 0.605936 -0.643746 
vt 0.608347 -0.612883 
vt 0.611666 -0.643198 
vt 0.61342 -0.611634 
vt 0.615657 -0.590375 
vt 0.62121 -0.688817 
vt 0.629599 -0.68844 
vt 0.623071 -0.735606 
vt 0.631754 -0.734986 
vt 0.638771 -0.734099 
vt 0.635979 -0.688166 
vt 0.607315 -0.689538 
vt 0.612372 -0.689224 
vt 0.255456 -0.599716 
vt 0.214305 -0.593649 
vt 0.615024 -0.735709 
vt 0.460911 -0.695974 
vt 0.466155 -0.696759 
vt 0.460559 -0.728552 
vt 0.465749 -0.731642 
vt 0.458789 -0.758612 
vt 0.465004 -0.761935 
vt 0.470313 -0.760072 
vt 0.470561 -0.730741 
vt 0.470607 -0.696969 
vt 0.342066 -0.703768 
vt 0.344926 -0.734828 
vt 0.455816 -0.728027 
vt 0.45717 -0.719197 
vt 0.456453 -0.694039 
vt 0.626567 -0.769463 
vt 0.634349 -0.768111 
vt 0.629924 -0.795366 
vt 0.636615 -0.793555 
vt 0.404014 -0.637756 
vt 0.426538 -0.611765 
vt 0.640597 -0.765386 
vt 0.284619 -0.618347 
vt 0.306994 -0.644555 
vt 0.459593 -0.644782 
vt 0.453973 -0.646076 
vt 0.456874 -0.623441 
vt 0.450833 -0.624847 
vt 0.619109 -0.768652 
vt 0.327783 -0.673353 
vt 0.460764 -0.668506 
vt 0.455617 -0.669402 
vt 0.470104 -0.670437 
vt 0.465957 -0.668925 
vt 0.383207 -0.666427 
vt 0.465013 -0.645701 
vt 0.455883 -0.895458 
vt 0.455883 -0.905238 
vt 0.486796 -0.895458 
vt 0.486796 -0.905238 
vt 0.455883 -0.885679 
vt 0.486796 -0.885679 
vt 0.455883 -0.875899 
vt 0.486796 -0.875899 
vt 0.455883 -0.866119 
vt 0.486796 -0.866119 
vt 0.455883 -0.856339 
vt 0.486796 -0.856339 
vt 0.455883 -0.84656 
vt 0.486796 -0.84656 
vt 0.455883 -0.83678 
vt 0.486796 -0.83678 
vt 0.455883 -0.827 
vt 0.486796 -0.827 
vt 0.455883 -0.817221 
vt 0.486796 -0.817221 
vt 0.455883 -0.944357 
vt 0.455883 -0.954137 
vt 0.486796 -0.944357 
vt 0.486796 -0.954137 
vt 0.455883 -0.934577 
vt 0.486796 -0.934577 
vt 0.455883 -0.924797 
vt 0.486796 -0.924797 
vt 0.455883 -0.915018 
vt 0.486796 -0.915018 
vt 0.98283 -0.297169 
vt 0.98688 -0.279429 
vt 0.971485 -0.311396 
vt 0.98283 -0.261688 
vt 0.95509 -0.319291 
vt 0.971485 -0.247462 
vt 0.936893 -0.319291 
vt 0.95509 -0.239567 
vt 0.920498 -0.311396 
vt 0.936893 -0.239567 
vt 0.909154 -0.297169 
vt 0.920498 -0.247462 
vt 0.905104 -0.279429 
vt 0.909154 -0.261688 
vt 0.968612 -0.279429 
vt 0.966372 -0.289244 
vt 0.966372 -0.269614 
vt 0.960095 -0.297114 
vt 0.960095 -0.261743 
vt 0.951025 -0.301482 
vt 0.951025 -0.257375 
vt 0.940958 -0.301482 
vt 0.940958 -0.257375 
vt 0.931888 -0.297114 
vt 0.931888 -0.261743 
vt 0.925611 -0.289244 
vt 0.925611 -0.269614 
vt 0.923371 -0.279429 
vt 0.445991 -0.924797 
vt 0.445991 -0.915018 
vt 0.445991 -0.934577 
vt 0.445991 -0.944357 
vt 0.445991 -0.954137 
vt 0.445991 -0.827 
vt 0.445991 -0.817221 
vt 0.445991 -0.83678 
vt 0.445991 -0.84656 
vt 0.445991 -0.856339 
vt 0.445991 -0.866119 
vt 0.445991 -0.875899 
vt 0.445991 -0.885679 
vt 0.445991 -0.895458 
vt 0.445991 -0.905238 
vt 0.396827 -0.924797 
vt 0.396827 -0.915018 
vt 0.396827 -0.934577 
vt 0.396827 -0.944357 
vt 0.396827 -0.954137 
vt 0.396827 -0.827001 
vt 0.396827 -0.817221 
vt 0.396827 -0.83678 
vt 0.396827 -0.84656 
vt 0.396827 -0.856339 
vt 0.396827 -0.866119 
vt 0.396827 -0.875899 
vt 0.396827 -0.885679 
vt 0.396827 -0.895458 
vt 0.396827 -0.905238 
vt 0.160241 -0.924798 
vt 0.160241 -0.915018 
vt 0.160241 -0.934577 
vt 0.160241 -0.944357 
vt 0.160241 -0.954137 
vt 0.160241 -0.827 
vt 0.160241 -0.817221 
vt 0.160241 -0.83678 
vt 0.160241 -0.84656 
vt 0.160241 -0.856339 
vt 0.160241 -0.866119 
vt 0.160241 -0.875899 
vt 0.160241 -0.885678 
vt 0.160241 -0.895458 
vt 0.160241 -0.905238 
vt 0.134853 -0.924797 
vt 0.134853 -0.915018 
vt 0.134853 -0.934577 
vt 0.134853 -0.944357 
vt 0.134853 -0.954137 
vt 0.134853 -0.827001 
vt 0.134853 -0.817221 
vt 0.134853 -0.83678 
vt 0.134853 -0.84656 
vt 0.134853 -0.856339 
vt 0.134853 -0.866119 
vt 0.134853 -0.875899 
vt 0.134853 -0.885679 
vt 0.134853 -0.895458 
vt 0.134853 -0.905238 
vt 0.114969 -0.924797 
vt 0.114969 -0.915018 
vt 0.114969 -0.934577 
vt 0.114969 -0.944357 
vt 0.114969 -0.954137 
vt 0.114969 -0.827 
vt 0.114969 -0.817221 
vt 0.114969 -0.83678 
vt 0.114969 -0.84656 
vt 0.114969 -0.856339 
vt 0.114969 -0.866119 
vt 0.114969 -0.875899 
vt 0.114969 -0.885678 
vt 0.114969 -0.895458 
vt 0.114969 -0.905238 
vt 0.853774 -0.141151 
vt 0.853774 -0.220592 
vt 0.910511 -0.141151 
vt 0.910511 -0.220592 
vt 0.886802 -0.680787 
vt 0.886802 -0.633557 
vt 0.839522 -0.680787 
vt 0.839522 -0.633557 
vt 0.788649 -0.049975 
vt 0.788649 -0.129416 
vt 0.845385 -0.049975 
vt 0.845385 -0.129416 
vt 0.78525 -0.633557 
vt 0.78525 -0.680837 
vt 0.832531 -0.633557 
vt 0.832531 -0.680837 
vt 0.67004 -0.860415 
vt 0.795473 -0.860415 
vt 0.67004 -0.8207 
vt 0.795473 -0.8207 
vt 0.604766 -0.919132 
vt 0.730199 -0.919132 
vt 0.604766 -0.879417 
vt 0.730199 -0.879417 
vt 0.605767 -0.870193 
vt 0.605767 -0.830477 
vt 0.853774 -0.100445 
vt 0.910511 -0.100445 
vt 0.845385 -0.170122 
vt 0.788649 -0.170122 
vt 0.794471 -0.889194 
vt 0.794471 -0.928909 
vt 0.571779 -0.87884 
vt 0.548428 -0.852491 
vt 0.526079 -0.890467 
vt 0.49774 -0.890132 
vt 0.853774 -0.0641299 
vt 0.910511 -0.0641299 
vt 0.853774 -0.032028 
vt 0.910511 -0.032028 
vt 0.845385 -0.191648 
vt 0.788649 -0.191648 
vt 0.845385 -0.220592 
vt 0.788649 -0.220592 
vt 0.85181 -0.911208 
vt 0.828459 -0.937557 
vt 0.902498 -0.948849 
vt 0.87416 -0.949184 
vt 0.832481 -0.626566 
vt 0.832765 -0.59297 
vt 0.78525 -0.626167 
vt 0.785534 -0.592571 
vt 0.900615 -0.623904 
vt 0.900615 -0.590308 
vt 0.853335 -0.623904 
vt 0.853335 -0.590308 
vt 0.445677 -0.736907 
vt 0.445677 -0.703312 
vt 0.398397 -0.736907 
vt 0.398397 -0.703312 
vt 0.257846 -0.65561 
vt 0.257563 -0.622014 
vt 0.210615 -0.656008 
vt 0.210332 -0.622413 
vt 0.853774 -0.220592 
vt 0.853774 -0.141151 
vt 0.910511 -0.220592 
vt 0.910511 -0.141151 
vt 0.886802 -0.633557 
vt 0.886802 -0.680787 
vt 0.839522 -0.633557 
vt 0.839522 -0.680787 
vt 0.788649 -0.129416 
vt 0.788649 -0.049975 
vt 0.845385 -0.129416 
vt 0.845385 -0.049975 
vt 0.78525 -0.680837 
vt 0.78525 -0.633557 
vt 0.832531 -0.680837 
vt 0.832531 -0.633557 
vt 0.795473 -0.860415 
vt 0.67004 -0.860415 
vt 0.795473 -0.8207 
vt 0.67004 -0.8207 
vt 0.730199 -0.919132 
vt 0.604766 -0.919132 
vt 0.730199 -0.879417 
vt 0.604766 -0.879417 
vt 0.605767 -0.870193 
vt 0.605767 -0.830477 
vt 0.853774 -0.100445 
vt 0.910511 -0.100445 
vt 0.845385 -0.170122 
vt 0.788649 -0.170122 
vt 0.794471 -0.889194 
vt 0.794471 -0.928909 
vt 0.571779 -0.87884 
vt 0.548428 -0.852491 
vt 0.49774 -0.890132 
vt 0.526079 -0.890467 
vt 0.853774 -0.0641299 
vt 0.910511 -0.0641299 
vt 0.910511 -0.032028 
vt 0.853774 -0.032028 
vt 0.845385 -0.191648 
vt 0.788649 -0.191648 
vt 0.788649 -0.220592 
vt 0.845385 -0.220592 
vt 0.85181 -0.911208 
vt 0.828459 -0.937557 
vt 0.87416 -0.949184 
vt 0.902498 -0.948849 
vt 0.832765 -0.59297 
vt 0.832481 -0.626566 
vt 0.785534 -0.592571 
vt 0.78525 -0.626167 
vt 0.900615 -0.590308 
vt 0.900615 -0.623904 
vt 0.853335 -0.590308 
vt 0.853335 -0.623904 
vt 0.445677 -0.703312 
vt 0.445677 -0.736907 
vt 0.398397 -0.703312 
vt 0.398397 -0.736907 
vt 0.257563 -0.622014 
vt 0.257846 -0.65561 
vt 0.210332 -0.622413 
vt 0.210615 -0.656008 
vt 0.853774 -0.141151 
vt 0.853774 -0.220592 
vt 0.910511 -0.141151 
vt 0.910511 -0.220592 
vt 0.886802 -0.680787 
vt 0.886802 -0.633557 
vt 0.839522 -0.680787 
vt 0.839522 -0.633557 
vt 0.788649 -0.049975 
vt 0.788649 -0.129416 
vt 0.845385 -0.049975 
vt 0.845385 -0.129416 
vt 0.78525 -0.633557 
vt 0.78525 -0.680837 
vt 0.832531 -0.633557 
vt 0.832531 -0.680837 
vt 0.67004 -0.860415 
vt 0.795473 -0.860415 
vt 0.67004 -0.8207 
vt 0.795473 -0.8207 
vt 0.604766 -0.919132 
vt 0.730199 -0.919132 
vt 0.604766 -0.879417 
vt 0.730199 -0.879417 
vt 0.605767 -0.870193 
vt 0.605767 -0.830477 
vt 0.853774 -0.100445 
vt 0.910511 -0.100445 
vt 0.845385 -0.170122 
vt 0.788649 -0.170122 
vt 0.794471 -0.889194 
vt 0.794471 -0.928909 
vt 0.571779 -0.87884 
vt 0.548428 -0.852491 
vt 0.526079 -0.890467 
vt 0.49774 -0.890132 
vt 0.853774 -0.0641299 
vt 0.910511 -0.0641299 
vt 0.853774 -0.032028 
vt 0.910511 -0.032028 
vt 0.845385 -0.191648 
vt 0.788649 -0.191648 
vt 0.845385 -0.220592 
vt 0.788649 -0.220592 
vt 0.85181 -0.911208 
vt 0.828459 -0.937557 
vt 0.902498 -0.948849 
vt 0.87416 -0.949184 
vt 0.832481 -0.626566 
vt 0.832765 -0.59297 
vt 0.78525 -0.626167 
vt 0.785534 -0.592571 
vt 0.900615 -0.623904 
vt 0.900615 -0.590308 
vt 0.853335 -0.623904 
vt 0.853335 -0.590308 
vt 0.445677 -0.736907 
vt 0.445677 -0.703312 
vt 0.398397 -0.736907 
vt 0.398397 -0.703312 
vt 0.257846 -0.65561 
vt 0.257563 -0.622014 
vt 0.210615 -0.656008 
vt 0.210332 -0.622413 
vt 0.853774 -0.220592 
vt 0.853774 -0.141151 
vt 0.910511 -0.220592 
vt 0.910511 -0.141151 
vt 0.886802 -0.633557 
vt 0.886802 -0.680787 
vt 0.839522 -0.633557 
vt 0.839522 -0.680787 
vt 0.788649 -0.129416 
vt 0.788649 -0.049975 
vt 0.845385 -0.129416 
vt 0.845385 -0.049975 
vt 0.78525 -0.680837 
vt 0.78525 -0.633557 
vt 0.832531 -0.680837 
vt 0.832531 -0.633557 
vt 0.795473 -0.860415 
vt 0.67004 -0.860415 
vt 0.795473 -0.8207 
vt 0.67004 -0.8207 
vt 0.730199 -0.919132 
vt 0.604766 -0.919132 
vt 0.730199 -0.879417 
vt 0.604766 -0.879417 
vt 0.605767 -0.870193 
vt 0.605767 -0.830477 
vt 0.853774 -0.100445 
vt 0.910511 -0.100445 
vt 0.845385 -0.170122 
vt 0.788649 -0.170122 
vt 0.794471 -0.889194 
vt 0.794471 -0.928909 
vt 0.571779 -0.87884 
vt 0.548428 -0.852491 
vt 0.49774 -0.890132 
vt 0.526079 -0.890467 
vt 0.853774 -0.0641299 
vt 0.910511 -0.0641299 
vt 0.910511 -0.032028 
vt 0.853774 -0.032028 
vt 0.845385 -0.191648 
vt 0.788649 -0.191648 
vt 0.788649 -0.220592 
vt 0.845385 -0.220592 
vt 0.85181 -0.911208 
vt 0.828459 -0.937557 
vt 0.87416 -0.949184 
vt 0.902498 -0.948849 
vt 0.832765 -0.59297 
vt 0.832481 -0.626566 
vt 0.785534 -0.592571 
vt 0.78525 -0.626167 
vt 0.900615 -0.590308 
vt 0.900615 -0.623904 
vt 0.853335 -0.590308 
vt 0.853335 -0.623904 
vt 0.445677 -0.703312 
vt 0.445677 -0.736907 
vt 0.398397 -0.703312 
vt 0.398397 -0.736907 
vt 0.257563 -0.622014 
vt 0.257846 -0.65561 
vt 0.210332 -0.622413 
vt 0.210615 -0.656008 
vt 0.853774 -0.141151 
vt 0.853774 -0.220592 
vt 0.910511 -0.141151 
vt 0.910511 -0.220592 
vt 0.886802 -0.680787 
vt 0.886802 -0.633557 
vt 0.839522 -0.680787 
vt 0.839522 -0.633557 
vt 0.788649 -0.049975 
vt 0.788649 -0.129416 
vt 0.845385 -0.049975 
vt 0.845385 -0.129416 
vt 0.78525 -0.633557 
vt 0.78525 -0.680837 
vt 0.832531 -0.633557 
vt 0.832531 -0.680837 
vt 0.67004 -0.860415 
vt 0.795473 -0.860415 
vt 0.67004 -0.8207 
vt 0.795473 -0.8207 
vt 0.604766 -0.919132 
vt 0.730199 -0.919132 
vt 0.604766 -0.879417 
vt 0.730199 -0.879417 
vt 0.605767 -0.870193 
vt 0.605767 -0.830477 
vt 0.853774 -0.100445 
vt 0.910511 -0.100445 
vt 0.845385 -0.170122 
vt 0.788649 -0.170122 
vt 0.794471 -0.889194 
vt 0.794471 -0.928909 
vt 0.571779 -0.87884 
vt 0.548428 -0.852491 
vt 0.526079 -0.890467 
vt 0.49774 -0.890132 
vt 0.853774 -0.0641299 
vt 0.910511 -0.0641299 
vt 0.853774 -0.032028 
vt 0.910511 -0.032028 
vt 0.845385 -0.191648 
vt 0.788649 -0.191648 
vt 0.845385 -0.220592 
vt 0.788649 -0.220592 
vt 0.85181 -0.911208 
vt 0.828459 -0.937557 
vt 0.902498 -0.948849 
vt 0.87416 -0.949184 
vt 0.832481 -0.626566 
vt 0.832765 -0.59297 
vt 0.78525 -0.626167 
vt 0.785534 -0.592571 
vt 0.900615 -0.623904 
vt 0.900615 -0.590308 
vt 0.853335 -0.623904 
vt 0.853335 -0.590308 
vt 0.445677 -0.736907 
vt 0.445677 -0.703312 
vt 0.398397 -0.736907 
vt 0.398397 -0.703312 
vt 0.257846 -0.65561 
vt 0.257563 -0.622014 
vt 0.210615 -0.656008 
vt 0.210332 -0.622413 
vt 0.853774 -0.220592 
vt 0.853774 -0.141151 
vt 0.910511 -0.220592 
vt 0.910511 -0.141151 
vt 0.886802 -0.633557 
vt 0.886802 -0.680787 
vt 0.839522 -0.633557 
vt 0.839522 -0.680787 
vt 0.788649 -0.129416 
vt 0.788649 -0.049975 
vt 0.845385 -0.129416 
vt 0.845385 -0.049975 
vt 0.78525 -0.680837 
vt 0.78525 -0.633557 
vt 0.832531 -0.680837 
vt 0.832531 -0.633557 
vt 0.795473 -0.860415 
vt 0.67004 -0.860415 
vt 0.795473 -0.8207 
vt 0.67004 -0.8207 
vt 0.730199 -0.919132 
vt 0.604766 -0.919132 
vt 0.730199 -0.879417 
vt 0.604766 -0.879417 
vt 0.605767 -0.870193 
vt 0.605767 -0.830477 
vt 0.853774 -0.100445 
vt 0.910511 -0.100445 
vt 0.845385 -0.170122 
vt 0.788649 -0.170122 
vt 0.794471 -0.889194 
vt 0.794471 -0.928909 
vt 0.571779 -0.87884 
vt 0.548428 -0.852491 
vt 0.49774 -0.890132 
vt 0.526079 -0.890467 
vt 0.853774 -0.0641299 
vt 0.910511 -0.0641299 
vt 0.910511 -0.032028 
vt 0.853774 -0.032028 
vt 0.845385 -0.191648 
vt 0.788649 -0.191648 
vt 0.788649 -0.220592 
vt 0.845385 -0.220592 
vt 0.85181 -0.911208 
vt 0.828459 -0.937557 
vt 0.87416 -0.949184 
vt 0.902498 -0.948849 
vt 0.832765 -0.59297 
vt 0.832481 -0.626566 
vt 0.785534 -0.592571 
vt 0.78525 -0.626167 
vt 0.900615 -0.590308 
vt 0.900615 -0.623904 
vt 0.853335 -0.590308 
vt 0.853335 -0.623904 
vt 0.445677 -0.703312 
vt 0.445677 -0.736907 
vt 0.398397 -0.703312 
vt 0.398397 -0.736907 
vt 0.257563 -0.622014 
vt 0.257846 -0.65561 
vt 0.210332 -0.622413 
vt 0.210615 -0.656008 
vt 0.853774 -0.141151 
vt 0.910511 -0.141151 
vt 0.910511 -0.220592 
vt 0.886802 -0.680787 
vt 0.886802 -0.633557 
vt 0.839522 -0.680787 
vt 0.839522 -0.633557 
vt 0.788649 -0.129416 
vt 0.845385 -0.049975 
vt 0.845385 -0.129416 
vt 0.832531 -0.633557 
vt 0.832531 -0.680837 
vt 0.67004 -0.860415 
vt 0.67004 -0.8207 
vt 0.604766 -0.919132 
vt 0.730199 -0.919132 
vt 0.604766 -0.879417 
vt 0.730199 -0.879417 
vt 0.605767 -0.870193 
vt 0.605767 -0.830477 
vt 0.853774 -0.100445 
vt 0.910511 -0.100445 
vt 0.845385 -0.170122 
vt 0.788649 -0.170122 
vt 0.794471 -0.889194 
vt 0.794471 -0.928909 
vt 0.571779 -0.87884 
vt 0.548428 -0.852491 
vt 0.526079 -0.890467 
vt 0.49774 -0.890132 
vt 0.853774 -0.0641299 
vt 0.910511 -0.0641299 
vt 0.853774 -0.032028 
vt 0.910511 -0.032028 
vt 0.845385 -0.191648 
vt 0.788649 -0.191648 
vt 0.845385 -0.220592 
vt 0.788649 -0.220592 
vt 0.85181 -0.911208 
vt 0.828459 -0.937557 
vt 0.902498 -0.948849 
vt 0.87416 -0.949184 
vt 0.832481 -0.626566 
vt 0.832765 -0.59297 
vt 0.78525 -0.626167 
vt 0.785534 -0.592571 
vt 0.900615 -0.623904 
vt 0.900615 -0.590308 
vt 0.853335 -0.623904 
vt 0.853335 -0.590308 
vt 0.445677 -0.736907 
vt 0.445677 -0.703312 
vt 0.398397 -0.736907 
vt 0.398397 -0.703312 
vt 0.257846 -0.65561 
vt 0.257563 -0.622014 
vt 0.210615 -0.656008 
vt 0.210332 -0.622413 
vt 0.853774 -0.220592 
vt 0.853774 -0.141151 
vt 0.910511 -0.141151 
vt 0.886802 -0.633557 
vt 0.886802 -0.680787 
vt 0.839522 -0.633557 
vt 0.839522 -0.680787 
vt 0.788649 -0.129416 
vt 0.788649 -0.049975 
vt 0.845385 -0.129416 
vt 0.78525 -0.680837 
vt 0.78525 -0.633557 
vt 0.795473 -0.860415 
vt 0.67004 -0.860415 
vt 0.795473 -0.8207 
vt 0.67004 -0.8207 
vt 0.730199 -0.919132 
vt 0.730199 -0.879417 
vt 0.605767 -0.870193 
vt 0.605767 -0.830477 
vt 0.853774 -0.100445 
vt 0.910511 -0.100445 
vt 0.845385 -0.170122 
vt 0.788649 -0.170122 
vt 0.794471 -0.889194 
vt 0.794471 -0.928909 
vt 0.571779 -0.87884 
vt 0.548428 -0.852491 
vt 0.49774 -0.890132 
vt 0.526079 -0.890467 
vt 0.853774 -0.0641299 
vt 0.910511 -0.0641299 
vt 0.910511 -0.032028 
vt 0.853774 -0.032028 
vt 0.845385 -0.191648 
vt 0.788649 -0.191648 
vt 0.788649 -0.220592 
vt 0.845385 -0.220592 
vt 0.85181 -0.911208 
vt 0.828459 -0.937557 
vt 0.87416 -0.949184 
vt 0.902498 -0.948849 
vt 0.832765 -0.59297 
vt 0.832481 -0.626566 
vt 0.785534 -0.592571 
vt 0.78525 -0.626167 
vt 0.900615 -0.590308 
vt 0.900615 -0.623904 
vt 0.853335 -0.590308 
vt 0.853335 -0.623904 
vt 0.445677 -0.703312 
vt 0.445677 -0.736907 
vt 0.398397 -0.703312 
vt 0.398397 -0.736907 
vt 0.257563 -0.622014 
vt 0.257846 -0.65561 
vt 0.210332 -0.622413 
vt 0.210615 -0.656008 

usemtl ScpOfficeChair1Mtl

f 1/1/1 2/2/2 3/3/3 
f 2/2/2 4/4/4 3/3/3 
f 5/5/5 3/3/3 6/6/6 
f 3/3/3 4/4/4 6/6/6 
f 7/7/7 5/5/5 8/8/8 
f 5/5/5 6/6/6 8/8/8 
f 9/9/9 7/7/7 10/10/10 
f 7/7/7 8/8/8 10/10/10 
f 11/11/11 9/9/9 12/12/12 
f 9/9/9 10/10/10 12/12/12 
f 13/13/13 2/2/2 14/14/14 
f 2/2/2 1/1/1 14/14/14 
f 15/15/15 13/13/13 16/16/16 
f 13/13/13 14/14/14 16/16/16 
f 17/17/17 15/15/15 18/18/18 
f 15/15/15 16/16/16 18/18/18 
f 19/19/19 20/20/20 21/21/21 
f 20/20/20 22/22/22 21/21/21 
f 22/22/22 23/23/23 21/21/21 
f 23/23/23 24/24/24 21/21/21 
f 23/23/23 25/25/25 24/24/24 
f 25/25/25 26/26/26 24/24/24 
f 25/25/25 27/27/27 26/26/26 
f 27/27/27 28/28/28 26/26/26 
f 27/27/27 29/29/29 28/28/28 
f 29/29/29 30/30/30 28/28/28 
f 19/19/19 31/31/31 20/20/20 
f 31/31/31 32/32/32 20/20/20 
f 31/31/31 33/33/33 32/32/32 
f 33/33/33 34/34/34 32/32/32 
f 33/33/33 35/35/35 34/34/34 
f 35/35/35 36/36/36 34/34/34 
f 37/37/37 22/22/22 38/38/38 
f 22/22/22 20/20/20 38/38/38 
f 39/39/39 23/23/23 37/37/37 
f 23/23/23 22/22/22 37/37/37 
f 38/38/38 20/20/20 40/40/40 
f 20/20/20 32/32/32 40/40/40 
f 41/41/41 25/25/25 39/39/39 
f 25/25/25 23/23/23 39/39/39 
f 42/42/42 27/27/27 41/41/41 
f 27/27/27 25/25/25 41/41/41 
f 43/43/43 29/29/29 42/42/42 
f 29/29/29 27/27/27 42/42/42 
f 44/44/44 30/30/30 43/43/43 
f 30/30/30 29/29/29 43/43/43 
f 40/40/40 32/32/32 45/45/45 
f 32/32/32 34/34/34 45/45/45 
f 45/45/45 34/34/34 46/46/46 
f 34/34/34 36/36/36 46/46/46 
f 46/46/46 36/36/36 47/47/47 
f 36/36/36 35/35/35 47/47/47 
f 2/2/2 48/48/48 4/4/4 
f 48/48/48 49/49/49 4/4/4 
f 49/49/49 50/50/50 4/4/4 
f 50/50/50 51/51/51 4/4/4 
f 50/50/50 52/52/52 51/51/51 
f 52/52/52 53/53/53 51/51/51 
f 52/52/52 54/54/54 53/53/53 
f 54/54/54 55/55/55 53/53/53 
f 54/54/54 56/56/56 55/55/55 
f 56/56/56 12/12/12 55/55/55 
f 2/2/2 57/57/57 48/48/48 
f 57/57/57 58/58/58 48/48/48 
f 57/57/57 59/59/59 58/58/58 
f 59/59/59 60/60/60 58/58/58 
f 59/59/59 17/17/17 60/60/60 
f 17/17/17 61/61/61 60/60/60 
f 62/62/62 63/63/63 64/64/64 
f 63/63/63 65/65/65 64/64/64 
f 66/66/66 64/64/64 67/67/67 
f 64/64/64 65/65/65 67/67/67 
f 68/68/68 66/66/66 69/69/69 
f 66/66/66 67/67/67 69/69/69 
f 70/70/70 68/68/68 71/71/71 
f 68/68/68 69/69/69 71/71/71 
f 72/72/72 70/70/70 73/73/73 
f 70/70/70 71/71/71 73/73/73 
f 74/74/74 63/63/63 75/75/75 
f 63/63/63 62/62/62 75/75/75 
f 76/76/76 74/74/74 77/77/77 
f 74/74/74 75/75/75 77/77/77 
f 78/78/78 76/76/76 79/79/79 
f 76/76/76 77/77/77 79/79/79 
f 64/64/64 80/80/80 62/62/62 
f 80/80/80 81/81/81 62/62/62 
f 66/66/66 82/82/82 64/64/64 
f 82/82/82 80/80/80 64/64/64 
f 62/62/62 81/81/81 75/75/75 
f 81/81/81 83/83/83 75/75/75 
f 68/68/68 84/84/84 66/66/66 
f 84/84/84 82/82/82 66/66/66 
f 70/70/70 85/85/85 68/68/68 
f 85/85/85 84/84/84 68/68/68 
f 72/72/72 86/86/86 70/70/70 
f 86/86/86 85/85/85 70/70/70 
f 73/73/73 87/87/87 72/72/72 
f 87/87/87 86/86/86 72/72/72 
f 75/75/75 83/83/83 77/77/77 
f 83/83/83 88/88/88 77/77/77 
f 77/77/77 88/88/88 79/79/79 
f 88/88/88 89/89/89 79/79/79 
f 79/79/79 89/89/89 78/78/78 
f 89/89/89 90/90/90 78/78/78 
f 91/91/91 92/92/92 93/93/93 
f 92/92/92 94/94/94 93/93/93 
f 94/94/94 95/95/95 93/93/93 
f 95/95/95 96/96/96 93/93/93 
f 95/95/95 97/97/97 96/96/96 
f 97/97/97 98/98/98 96/96/96 
f 97/97/97 99/99/99 98/98/98 
f 99/99/99 100/100/100 98/98/98 
f 99/99/99 101/101/101 100/100/100 
f 101/101/101 102/102/102 100/100/100 
f 91/91/91 103/103/103 92/92/92 
f 103/103/103 104/104/104 92/92/92 
f 103/103/103 105/105/105 104/104/104 
f 105/105/105 106/106/106 104/104/104 
f 105/105/105 107/107/107 106/106/106 
f 107/107/107 108/108/108 106/106/106 
f 109/109/109 110/110/110 111/111/111 
f 110/110/110 112/112/112 111/111/111 
f 113/113/113 111/111/111 114/114/114 
f 111/111/111 112/112/112 114/114/114 
f 115/115/115 113/113/113 116/116/116 
f 113/113/113 114/114/114 116/116/116 
f 117/117/117 115/115/115 118/118/118 
f 115/115/115 116/116/116 118/118/118 
f 119/119/119 117/117/117 120/120/120 
f 117/117/117 118/118/118 120/120/120 
f 121/121/121 110/110/110 122/122/122 
f 110/110/110 109/109/109 122/122/122 
f 123/123/123 121/121/121 124/124/124 
f 121/121/121 122/122/122 124/124/124 
f 125/125/125 123/123/123 126/126/126 
f 123/123/123 124/124/124 126/126/126 
f 127/127/127 94/94/94 128/128/128 
f 94/94/94 92/92/92 128/128/128 
f 129/129/129 95/95/95 127/127/127 
f 95/95/95 94/94/94 127/127/127 
f 128/128/128 92/92/92 130/130/130 
f 92/92/92 104/104/104 130/130/130 
f 131/131/131 97/97/97 129/129/129 
f 97/97/97 95/95/95 129/129/129 
f 132/132/132 99/99/99 131/131/131 
f 99/99/99 97/97/97 131/131/131 
f 133/133/133 101/101/101 132/132/132 
f 101/101/101 99/99/99 132/132/132 
f 134/134/134 102/102/102 133/133/133 
f 102/102/102 101/101/101 133/133/133 
f 130/130/130 104/104/104 135/135/135 
f 104/104/104 106/106/106 135/135/135 
f 135/135/135 106/106/106 136/136/136 
f 106/106/106 108/108/108 136/136/136 
f 136/136/136 108/108/108 137/137/137 
f 108/108/108 107/107/107 137/137/137 
f 138/138/138 139/139/139 140/140/140 
f 139/139/139 141/141/141 140/140/140 
f 142/142/142 140/140/140 143/143/143 
f 140/140/140 141/141/141 143/143/143 
f 144/144/144 142/142/142 145/145/145 
f 142/142/142 143/143/143 145/145/145 
f 146/146/146 144/144/144 147/147/147 
f 144/144/144 145/145/145 147/147/147 
f 148/148/148 146/146/146 149/149/149 
f 146/146/146 147/147/147 149/149/149 
f 150/150/150 139/139/139 151/151/151 
f 139/139/139 138/138/138 151/151/151 
f 152/152/152 150/150/150 153/153/153 
f 150/150/150 151/151/151 153/153/153 
f 154/154/154 152/152/152 155/155/155 
f 152/152/152 153/153/153 155/155/155 
f 156/156/156 157/157/157 158/158/158 
f 157/157/157 159/159/159 158/158/158 
f 159/159/159 160/160/160 158/158/158 
f 160/160/160 161/161/161 158/158/158 
f 160/160/160 162/162/162 161/161/161 
f 162/162/162 163/163/163 161/161/161 
f 162/162/162 164/164/164 163/163/163 
f 164/164/164 165/165/165 163/163/163 
f 164/164/164 166/166/166 165/165/165 
f 166/166/166 167/167/167 165/165/165 
f 156/156/156 168/168/168 157/157/157 
f 168/168/168 169/169/169 157/157/157 
f 168/168/168 170/170/170 169/169/169 
f 170/170/170 171/171/171 169/169/169 
f 170/170/170 172/172/172 171/171/171 
f 172/172/172 173/173/173 171/171/171 
f 140/140/140 174/174/174 138/138/138 
f 174/174/174 175/175/175 138/138/138 
f 142/142/142 176/176/176 140/140/140 
f 176/176/176 174/174/174 140/140/140 
f 138/138/138 175/175/175 151/151/151 
f 175/175/175 177/177/177 151/151/151 
f 144/144/144 178/178/178 142/142/142 
f 178/178/178 176/176/176 142/142/142 
f 146/146/146 179/179/179 144/144/144 
f 179/179/179 178/178/178 144/144/144 
f 148/148/148 180/180/180 146/146/146 
f 180/180/180 179/179/179 146/146/146 
f 149/149/149 181/181/181 148/148/148 
f 181/181/181 180/180/180 148/148/148 
f 151/151/151 177/177/177 153/153/153 
f 177/177/177 182/182/182 153/153/153 
f 153/153/153 182/182/182 155/155/155 
f 182/182/182 183/183/183 155/155/155 
f 155/155/155 183/183/183 154/154/154 
f 183/183/183 184/184/184 154/154/154 
f 185/185/185 186/186/186 187/187/187 
f 186/186/186 188/188/188 187/187/187 
f 189/189/189 190/190/190 191/191/191 
f 190/190/190 192/192/192 191/191/191 
f 193/193/193 194/194/194 195/195/195 
f 194/194/194 196/196/196 195/195/195 
f 197/197/197 198/198/198 199/199/199 
f 198/198/198 200/200/200 199/199/199 
f 201/201/201 202/202/202 203/203/203 
f 202/202/202 204/204/204 203/203/203 
f 205/205/205 206/206/206 207/207/207 
f 206/206/206 208/208/208 207/207/207 
f 209/209/209 202/202/202 210/210/210 
f 202/202/202 201/201/201 210/210/210 
f 211/211/211 189/189/189 212/212/212 
f 189/189/189 191/191/191 212/212/212 
f 213/213/213 200/200/200 214/214/214 
f 200/200/200 198/198/198 214/214/214 
f 215/215/215 206/206/206 216/216/216 
f 206/206/206 205/205/205 216/216/216 
f 217/217/217 218/218/218 219/219/219 
f 218/218/218 220/220/220 219/219/219 
f 220/220/220 221/221/221 219/219/219 
f 221/221/221 222/222/222 219/219/219 
f 222/222/222 223/223/223 219/219/219 
f 223/223/223 224/224/224 219/219/219 
f 224/224/224 225/225/225 219/219/219 
f 225/225/225 217/217/217 219/219/219 
f 226/226/226 227/227/227 228/228/228 
f 227/227/227 229/229/229 228/228/228 
f 229/229/229 230/230/230 228/228/228 
f 230/230/230 231/231/231 228/228/228 
f 231/231/231 232/232/232 228/228/228 
f 232/232/232 233/233/233 228/228/228 
f 233/233/233 234/234/234 228/228/228 
f 234/234/234 226/226/226 228/228/228 
f 235/235/235 236/236/236 237/237/237 
f 236/236/236 238/238/238 237/237/237 
f 238/238/238 239/239/239 237/237/237 
f 239/239/239 240/240/240 237/237/237 
f 240/240/240 241/241/241 237/237/237 
f 241/241/241 242/242/242 237/237/237 
f 242/242/242 243/243/243 237/237/237 
f 243/243/243 235/235/235 237/237/237 
f 244/244/244 245/245/245 246/246/246 
f 245/245/245 247/247/247 246/246/246 
f 247/247/247 248/248/248 246/246/246 
f 248/248/248 249/249/249 246/246/246 
f 249/249/249 250/250/250 246/246/246 
f 250/250/250 251/251/251 246/246/246 
f 251/251/251 252/252/252 246/246/246 
f 252/252/252 244/244/244 246/246/246 
f 224/224/224 223/223/223 253/253/253 
f 223/223/223 254/254/254 253/253/253 
f 254/254/254 255/255/255 253/253/253 
f 255/255/255 256/256/256 253/253/253 
f 256/256/256 257/257/257 253/253/253 
f 257/257/257 258/258/258 253/253/253 
f 258/258/258 225/225/225 253/253/253 
f 225/225/225 224/224/224 253/253/253 
f 247/247/247 245/245/245 259/259/259 
f 245/245/245 260/260/260 259/259/259 
f 260/260/260 261/261/261 259/259/259 
f 261/261/261 262/262/262 259/259/259 
f 262/262/262 263/263/263 259/259/259 
f 263/263/263 264/264/264 259/259/259 
f 264/264/264 248/248/248 259/259/259 
f 248/248/248 247/247/247 259/259/259 
f 233/233/233 232/232/232 265/265/265 
f 232/232/232 266/266/266 265/265/265 
f 266/266/266 267/267/267 265/265/265 
f 267/267/267 268/268/268 265/265/265 
f 268/268/268 269/269/269 265/265/265 
f 269/269/269 270/270/270 265/265/265 
f 270/270/270 234/234/234 265/265/265 
f 234/234/234 233/233/233 265/265/265 
f 220/220/220 218/218/218 271/271/271 
f 218/218/218 272/272/272 271/271/271 
f 272/272/272 273/273/273 271/271/271 
f 273/273/273 274/274/274 271/271/271 
f 274/274/274 275/275/275 271/271/271 
f 275/275/275 276/276/276 271/271/271 
f 276/276/276 221/221/221 271/271/271 
f 221/221/221 220/220/220 271/271/271 
f 229/229/229 227/227/227 277/277/277 
f 227/227/227 278/278/278 277/277/277 
f 278/278/278 279/279/279 277/277/277 
f 279/279/279 280/280/280 277/277/277 
f 280/280/280 281/281/281 277/277/277 
f 281/281/281 282/282/282 277/277/277 
f 282/282/282 230/230/230 277/277/277 
f 230/230/230 229/229/229 277/277/277 
f 283/283/283 221/221/221 284/284/284 
f 221/221/221 285/285/285 284/284/284 
f 286/286/286 287/287/287 288/288/288 
f 287/287/287 289/289/289 288/288/288 
f 289/289/289 290/290/290 288/288/288 
f 290/290/290 291/291/291 288/288/288 
f 291/291/291 292/292/292 288/288/288 
f 292/292/292 293/293/293 288/288/288 
f 276/276/276 275/275/275 294/294/294 
f 275/275/275 295/295/295 294/294/294 
f 295/295/295 296/296/296 294/294/294 
f 296/296/296 297/297/297 294/294/294 
f 297/297/297 298/298/298 294/294/294 
f 298/298/298 285/285/285 294/294/294 
f 285/285/285 221/221/221 294/294/294 
f 221/221/221 276/276/276 294/294/294 
f 278/278/278 227/227/227 299/299/299 
f 227/227/227 300/300/300 299/299/299 
f 300/300/300 301/301/301 299/299/299 
f 301/301/301 302/302/302 299/299/299 
f 302/302/302 303/303/303 299/299/299 
f 303/303/303 304/304/304 299/299/299 
f 304/304/304 279/279/279 299/299/299 
f 279/279/279 278/278/278 299/299/299 
f 289/289/289 287/287/287 305/305/305 
f 287/287/287 306/306/306 305/305/305 
f 306/306/306 307/307/307 305/305/305 
f 307/307/307 308/308/308 305/305/305 
f 308/308/308 309/309/309 305/305/305 
f 309/309/309 310/310/310 305/305/305 
f 310/310/310 290/290/290 305/305/305 
f 290/290/290 289/289/289 305/305/305 
f 297/297/297 296/296/296 311/311/311 
f 296/296/296 312/312/312 311/311/311 
f 312/312/312 313/313/313 311/311/311 
f 313/313/313 314/314/314 311/311/311 
f 314/314/314 315/315/315 311/311/311 
f 315/315/315 316/316/316 311/311/311 
f 316/316/316 298/298/298 311/311/311 
f 298/298/298 297/297/297 311/311/311 
f 302/302/302 301/301/301 317/317/317 
f 301/301/301 318/318/318 317/317/317 
f 318/318/318 319/319/319 317/317/317 
f 319/319/319 320/320/320 317/317/317 
f 320/320/320 321/321/321 317/317/317 
f 321/321/321 322/322/322 317/317/317 
f 322/322/322 303/303/303 317/317/317 
f 303/303/303 302/302/302 317/317/317 
f 323/323/323 324/324/324 325/325/325 
f 324/324/324 326/326/326 325/325/325 
f 326/326/326 327/327/327 325/325/325 
f 327/327/327 328/328/328 325/325/325 
f 328/328/328 329/329/329 325/325/325 
f 329/329/329 330/330/330 325/325/325 
f 330/330/330 331/331/331 325/325/325 
f 331/331/331 323/323/323 325/325/325 
f 314/314/314 313/313/313 332/332/332 
f 313/313/313 333/333/333 332/332/332 
f 333/333/333 334/334/334 332/332/332 
f 334/334/334 335/335/335 332/332/332 
f 335/335/335 336/336/336 332/332/332 
f 336/336/336 337/337/337 332/332/332 
f 337/337/337 315/315/315 332/332/332 
f 315/315/315 314/314/314 332/332/332 
f 320/320/320 319/319/319 338/338/338 
f 319/319/319 339/339/339 338/338/338 
f 330/330/330 329/329/329 340/340/340 
f 329/329/329 341/341/341 340/340/340 
f 342/342/342 343/343/343 338/338/338 
f 343/343/343 344/344/344 338/338/338 
f 344/344/344 321/321/321 338/338/338 
f 321/321/321 320/320/320 338/338/338 
f 328/328/328 327/327/327 345/345/345 
f 327/327/327 346/346/346 345/345/345 
f 346/346/346 347/347/347 345/345/345 
f 347/347/347 348/348/348 345/345/345 
f 348/348/348 349/349/349 345/345/345 
f 349/349/349 350/350/350 345/345/345 
f 350/350/350 329/329/329 345/345/345 
f 329/329/329 328/328/328 345/345/345 
f 335/335/335 334/334/334 351/351/351 
f 334/334/334 352/352/352 351/351/351 
f 352/352/352 353/353/353 351/351/351 
f 353/353/353 354/354/354 351/351/351 
f 354/354/354 355/355/355 351/351/351 
f 355/355/355 356/356/356 351/351/351 
f 356/356/356 336/336/336 351/351/351 
f 336/336/336 335/335/335 351/351/351 
f 341/341/341 329/329/329 357/357/357 
f 329/329/329 350/350/350 357/357/357 
f 350/350/350 349/349/349 357/357/357 
f 349/349/349 358/358/358 357/357/357 
f 359/359/359 360/360/360 361/361/361 
f 360/360/360 362/362/362 361/361/361 
f 362/362/362 343/343/343 361/361/361 
f 343/343/343 342/342/342 361/361/361 
f 363/363/363 364/364/364 365/365/365 
f 364/364/364 366/366/366 365/365/365 
f 366/366/366 367/367/367 365/365/365 
f 367/367/367 368/368/368 365/365/365 
f 368/368/368 369/369/369 365/365/365 
f 369/369/369 370/370/370 365/365/365 
f 370/370/370 371/371/371 365/365/365 
f 371/371/371 363/363/363 365/365/365 
f 372/372/372 373/373/373 374/374/374 
f 373/373/373 375/375/375 374/374/374 
f 375/375/375 257/257/257 374/374/374 
f 257/257/257 256/256/256 374/374/374 
f 256/256/256 255/255/255 374/374/374 
f 255/255/255 376/376/376 374/374/374 
f 376/376/376 377/377/377 374/374/374 
f 377/377/377 372/372/372 374/374/374 
f 378/378/378 379/379/379 380/380/380 
f 379/379/379 381/381/381 380/380/380 
f 381/381/381 269/269/269 380/380/380 
f 269/269/269 268/268/268 380/380/380 
f 268/268/268 267/267/267 380/380/380 
f 267/267/267 382/382/382 380/380/380 
f 382/382/382 383/383/383 380/380/380 
f 383/383/383 378/378/378 380/380/380 
f 348/348/348 347/347/347 384/384/384 
f 347/347/347 385/385/385 384/384/384 
f 386/386/386 387/387/387 388/388/388 
f 387/387/387 389/389/389 388/388/388 
f 389/389/389 390/390/390 388/388/388 
f 390/390/390 391/391/391 388/388/388 
f 392/392/392 349/349/349 384/384/384 
f 349/349/349 348/348/348 384/384/384 
f 393/393/393 364/364/364 394/394/394 
f 364/364/364 363/363/363 394/394/394 
f 363/363/363 371/371/371 394/394/394 
f 371/371/371 395/395/395 394/394/394 
f 395/395/395 390/390/390 394/394/394 
f 390/390/390 389/389/389 394/394/394 
f 389/389/389 387/387/387 394/394/394 
f 387/387/387 393/393/393 394/394/394 
f 354/354/354 353/353/353 396/396/396 
f 353/353/353 397/397/397 396/396/396 
f 397/397/397 398/398/398 396/396/396 
f 398/398/398 399/399/399 396/396/396 
f 399/399/399 400/400/400 396/396/396 
f 400/400/400 401/401/401 396/396/396 
f 401/401/401 355/355/355 396/396/396 
f 355/355/355 354/354/354 396/396/396 
f 402/402/402 373/373/373 403/403/403 
f 373/373/373 372/372/372 403/403/403 
f 372/372/372 377/377/377 403/403/403 
f 377/377/377 404/404/404 403/403/403 
f 404/404/404 400/400/400 403/403/403 
f 400/400/400 399/399/399 403/403/403 
f 399/399/399 398/398/398 403/403/403 
f 398/398/398 402/402/402 403/403/403 
f 358/358/358 349/349/349 405/405/405 
f 349/349/349 392/392/392 405/405/405 
f 406/406/406 407/407/407 408/408/408 
f 407/407/407 409/409/409 408/408/408 
f 409/409/409 410/410/410 408/408/408 
f 410/410/410 411/411/411 408/408/408 
f 411/411/411 360/360/360 408/408/408 
f 360/360/360 359/359/359 408/408/408 
f 412/412/412 379/379/379 413/413/413 
f 379/379/379 378/378/378 413/413/413 
f 378/378/378 383/383/383 413/413/413 
f 383/383/383 414/414/414 413/413/413 
f 414/414/414 410/410/410 413/413/413 
f 410/410/410 409/409/409 413/413/413 
f 409/409/409 407/407/407 413/413/413 
f 407/407/407 412/412/412 413/413/413 
f 415/415/415 416/416/416 417/417/417 
f 416/416/416 418/418/418 417/417/417 
f 418/418/418 419/419/419 417/417/417 
f 419/419/419 420/420/420 417/417/417 
f 420/420/420 421/421/421 417/417/417 
f 421/421/421 422/422/422 417/417/417 
f 422/422/422 423/423/423 417/417/417 
f 423/423/423 415/415/415 417/417/417 
f 424/424/424 425/425/425 426/426/426 
f 425/425/425 427/427/427 426/426/426 
f 427/427/427 428/428/428 426/426/426 
f 428/428/428 429/429/429 426/426/426 
f 429/429/429 421/421/421 426/426/426 
f 421/421/421 420/420/420 426/426/426 
f 420/420/420 419/419/419 426/426/426 
f 419/419/419 424/424/424 426/426/426 
f 242/242/242 241/241/241 430/430/430 
f 241/241/241 431/431/431 430/430/430 
f 431/431/431 432/432/432 430/430/430 
f 432/432/432 433/433/433 430/430/430 
f 433/433/433 434/434/434 430/430/430 
f 434/434/434 435/435/435 430/430/430 
f 435/435/435 243/243/243 430/430/430 
f 243/243/243 242/242/242 430/430/430 
f 238/238/238 236/236/236 436/436/436 
f 236/236/236 437/437/437 436/436/436 
f 282/282/282 281/281/281 438/438/438 
f 281/281/281 439/439/439 438/438/438 
f 422/422/422 421/421/421 440/440/440 
f 421/421/421 429/429/429 440/440/440 
f 441/441/441 273/273/273 442/442/442 
f 273/273/273 272/272/272 442/442/442 
f 443/443/443 239/239/239 436/436/436 
f 239/239/239 238/238/238 436/436/436 
f 424/424/424 419/419/419 444/444/444 
f 419/419/419 445/445/445 444/444/444 
f 445/445/445 446/446/446 444/444/444 
f 446/446/446 447/447/447 444/444/444 
f 447/447/447 448/448/448 444/444/444 
f 448/448/448 449/449/449 444/444/444 
f 449/449/449 425/425/425 444/444/444 
f 425/425/425 424/424/424 444/444/444 
f 418/418/418 416/416/416 450/450/450 
f 416/416/416 451/451/451 450/450/450 
f 451/451/451 452/452/452 450/450/450 
f 452/452/452 453/453/453 450/450/450 
f 453/453/453 446/446/446 450/450/450 
f 446/446/446 445/445/445 450/450/450 
f 445/445/445 419/419/419 450/450/450 
f 419/419/419 418/418/418 450/450/450 
f 447/447/447 446/446/446 454/454/454 
f 446/446/446 455/455/455 454/454/454 
f 455/455/455 456/456/456 454/454/454 
f 456/456/456 457/457/457 454/454/454 
f 457/457/457 458/458/458 454/454/454 
f 458/458/458 459/459/459 454/454/454 
f 459/459/459 448/448/448 454/454/454 
f 448/448/448 447/447/447 454/454/454 
f 453/453/453 452/452/452 460/460/460 
f 452/452/452 461/461/461 460/460/460 
f 322/322/322 321/321/321 462/462/462 
f 321/321/321 463/463/463 462/462/462 
f 464/464/464 456/456/456 460/460/460 
f 456/456/456 455/455/455 460/460/460 
f 455/455/455 446/446/446 460/460/460 
f 446/446/446 453/453/453 460/460/460 
f 465/465/465 466/466/466 467/467/467 
f 466/466/466 468/468/468 467/467/467 
f 468/468/468 469/469/469 467/467/467 
f 469/469/469 470/470/470 467/467/467 
f 470/470/470 471/471/471 467/467/467 
f 471/471/471 472/472/472 467/467/467 
f 333/333/333 313/313/313 473/473/473 
f 313/313/313 474/474/474 473/473/473 
f 463/463/463 321/321/321 475/475/475 
f 321/321/321 344/344/344 475/475/475 
f 476/476/476 477/477/477 478/478/478 
f 477/477/477 479/479/479 478/478/478 
f 479/479/479 469/469/469 478/478/478 
f 469/469/469 468/468/468 478/478/478 
f 468/468/468 466/466/466 478/478/478 
f 466/466/466 480/480/480 478/478/478 
f 470/470/470 469/469/469 481/481/481 
f 469/469/469 482/482/482 481/481/481 
f 482/482/482 483/483/483 481/481/481 
f 483/483/483 484/484/484 481/481/481 
f 484/484/484 485/485/485 481/481/481 
f 485/485/485 486/486/486 481/481/481 
f 486/486/486 471/471/471 481/481/481 
f 471/471/471 470/470/470 481/481/481 
f 479/479/479 477/477/477 487/487/487 
f 477/477/477 488/488/488 487/487/487 
f 362/362/362 360/360/360 489/489/489 
f 360/360/360 490/490/490 489/489/489 
f 491/491/491 483/483/483 487/487/487 
f 483/483/483 482/482/482 487/487/487 
f 482/482/482 469/469/469 487/487/487 
f 469/469/469 479/479/479 487/487/487 
f 492/492/492 493/493/493 494/494/494 
f 493/493/493 495/495/495 494/494/494 
f 495/495/495 496/496/496 494/494/494 
f 496/496/496 497/497/497 494/494/494 
f 497/497/497 498/498/498 494/494/494 
f 498/498/498 499/499/499 494/494/494 
f 499/499/499 500/500/500 494/494/494 
f 500/500/500 492/492/492 494/494/494 
f 501/501/501 383/383/383 502/502/502 
f 383/383/383 382/382/382 502/502/502 
f 503/503/503 496/496/496 504/504/504 
f 496/496/496 495/495/495 504/504/504 
f 495/495/495 493/493/493 504/504/504 
f 493/493/493 505/505/505 504/504/504 
f 484/484/484 483/483/483 506/506/506 
f 483/483/483 507/507/507 506/506/506 
f 507/507/507 508/508/508 506/506/506 
f 508/508/508 509/509/509 506/506/506 
f 510/510/510 398/398/398 511/511/511 
f 398/398/398 397/397/397 511/511/511 
f 512/512/512 485/485/485 506/506/506 
f 485/485/485 484/484/484 506/506/506 
f 490/490/490 360/360/360 513/513/513 
f 360/360/360 411/411/411 513/513/513 
f 411/411/411 410/410/410 513/513/513 
f 410/410/410 514/514/514 513/513/513 
f 515/515/515 516/516/516 517/517/517 
f 516/516/516 518/518/518 517/517/517 
f 507/507/507 483/483/483 519/519/519 
f 483/483/483 491/491/491 519/519/519 
f 414/414/414 383/383/383 520/520/520 
f 383/383/383 501/501/501 520/520/520 
f 505/505/505 493/493/493 521/521/521 
f 493/493/493 522/522/522 521/521/521 
f 522/522/522 516/516/516 521/521/521 
f 516/516/516 515/515/515 521/521/521 
f 514/514/514 410/410/410 520/520/520 
f 410/410/410 414/414/414 520/520/520 
f 492/492/492 500/500/500 523/523/523 
f 500/500/500 524/524/524 523/523/523 
f 402/402/402 398/398/398 525/525/525 
f 398/398/398 510/510/510 525/525/525 
f 526/526/526 516/516/516 523/523/523 
f 516/516/516 522/522/522 523/523/523 
f 522/522/522 493/493/493 523/523/523 
f 493/493/493 492/492/492 523/523/523 
f 527/527/527 528/528/528 529/529/529 
f 528/528/528 530/530/530 529/529/529 
f 531/531/531 529/529/529 532/532/532 
f 529/529/529 530/530/530 532/532/532 
f 533/533/533 532/532/532 534/534/534 
f 532/532/532 530/530/530 534/534/534 
f 535/535/535 534/534/534 528/528/528 
f 534/534/534 530/530/530 528/528/528 
f 536/536/536 537/537/537 538/538/538 
f 537/537/537 539/539/539 538/538/538 
f 540/540/540 538/538/538 541/541/541 
f 538/538/538 539/539/539 541/541/541 
f 542/542/542 541/541/541 543/543/543 
f 541/541/541 539/539/539 543/543/543 
f 544/544/544 543/543/543 537/537/537 
f 543/543/543 539/539/539 537/537/537 
f 545/545/545 546/546/546 547/547/547 
f 546/546/546 548/548/548 547/547/547 
f 549/549/549 547/547/547 550/550/550 
f 547/547/547 548/548/548 550/550/550 
f 551/551/551 550/550/550 552/552/552 
f 550/550/550 548/548/548 552/552/552 
f 553/553/553 552/552/552 546/546/546 
f 552/552/552 548/548/548 546/546/546 
f 554/554/554 555/555/555 556/556/556 
f 555/555/555 557/557/557 556/556/556 
f 558/558/558 556/556/556 559/559/559 
f 556/556/556 557/557/557 559/559/559 
f 560/560/560 559/559/559 561/561/561 
f 559/559/559 557/557/557 561/561/561 
f 562/562/562 561/561/561 555/555/555 
f 561/561/561 557/557/557 555/555/555 
f 533/533/533 534/534/534 563/563/563 
f 534/534/534 564/564/564 563/563/563 
f 565/565/565 563/563/563 566/566/566 
f 563/563/563 564/564/564 566/566/566 
f 567/567/567 566/566/566 568/568/568 
f 566/566/566 564/564/564 568/568/568 
f 535/535/535 568/568/568 534/534/534 
f 568/568/568 564/564/564 534/534/534 
f 554/554/554 556/556/556 569/569/569 
f 556/556/556 570/570/570 569/569/569 
f 571/571/571 569/569/569 572/572/572 
f 569/569/569 570/570/570 572/572/572 
f 573/573/573 572/572/572 574/574/574 
f 572/572/572 570/570/570 574/574/574 
f 558/558/558 574/574/574 556/556/556 
f 574/574/574 570/570/570 556/556/556 
f 542/542/542 543/543/543 575/575/575 
f 543/543/543 576/576/576 575/575/575 
f 577/577/577 575/575/575 578/578/578 
f 575/575/575 576/576/576 578/578/578 
f 579/579/579 578/578/578 580/580/580 
f 578/578/578 576/576/576 580/580/580 
f 544/544/544 580/580/580 543/543/543 
f 580/580/580 576/576/576 543/543/543 
f 527/527/527 529/529/529 581/581/581 
f 529/529/529 582/582/582 581/581/581 
f 583/583/583 581/581/581 584/584/584 
f 581/581/581 582/582/582 584/584/584 
f 585/585/585 584/584/584 586/586/586 
f 584/584/584 582/582/582 586/586/586 
f 531/531/531 586/586/586 529/529/529 
f 586/586/586 582/582/582 529/529/529 
f 536/536/536 538/538/538 587/587/587 
f 538/538/538 588/588/588 587/587/587 
f 589/589/589 587/587/587 590/590/590 
f 587/587/587 588/588/588 590/590/590 
f 591/591/591 590/590/590 592/592/592 
f 590/590/590 588/588/588 592/592/592 
f 540/540/540 592/592/592 538/538/538 
f 592/592/592 588/588/588 538/538/538 
f 531/531/531 593/593/593 594/594/594 
f 593/593/593 595/595/595 594/594/594 
f 596/596/596 597/597/597 598/598/598 
f 597/597/597 599/599/599 598/598/598 
f 600/600/600 598/598/598 601/601/601 
f 598/598/598 599/599/599 601/601/601 
f 602/602/602 601/601/601 603/603/603 
f 601/601/601 599/599/599 603/603/603 
f 585/585/585 586/586/586 604/604/604 
f 586/586/586 605/605/605 604/604/604 
f 606/606/606 604/604/604 607/607/607 
f 604/604/604 605/605/605 607/607/607 
f 608/608/608 607/607/607 594/594/594 
f 607/607/607 605/605/605 594/594/594 
f 531/531/531 594/594/594 586/586/586 
f 594/594/594 605/605/605 586/586/586 
f 536/536/536 587/587/587 609/609/609 
f 587/587/587 610/610/610 609/609/609 
f 611/611/611 609/609/609 612/612/612 
f 609/609/609 610/610/610 612/612/612 
f 613/613/613 612/612/612 614/614/614 
f 612/612/612 610/610/610 614/614/614 
f 589/589/589 614/614/614 587/587/587 
f 614/614/614 610/610/610 587/587/587 
f 596/596/596 598/598/598 615/615/615 
f 598/598/598 616/616/616 615/615/615 
f 617/617/617 615/615/615 618/618/618 
f 615/615/615 616/616/616 618/618/618 
f 619/619/619 618/618/618 620/620/620 
f 618/618/618 616/616/616 620/620/620 
f 600/600/600 620/620/620 598/598/598 
f 620/620/620 616/616/616 598/598/598 
f 606/606/606 607/607/607 621/621/621 
f 607/607/607 622/622/622 621/621/621 
f 623/623/623 621/621/621 624/624/624 
f 621/621/621 622/622/622 624/624/624 
f 625/625/625 624/624/624 626/626/626 
f 624/624/624 622/622/622 626/626/626 
f 608/608/608 626/626/626 607/607/607 
f 626/626/626 622/622/622 607/607/607 
f 611/611/611 612/612/612 627/627/627 
f 612/612/612 628/628/628 627/627/627 
f 629/629/629 627/627/627 630/630/630 
f 627/627/627 628/628/628 630/630/630 
f 631/631/631 630/630/630 632/632/632 
f 630/630/630 628/628/628 632/632/632 
f 613/613/613 632/632/632 612/612/612 
f 632/632/632 628/628/628 612/612/612 
f 633/633/633 634/634/634 635/635/635 
f 634/634/634 636/636/636 635/635/635 
f 637/637/637 635/635/635 638/638/638 
f 635/635/635 636/636/636 638/638/638 
f 639/639/639 638/638/638 640/640/640 
f 638/638/638 636/636/636 640/640/640 
f 641/641/641 640/640/640 634/634/634 
f 640/640/640 636/636/636 634/634/634 
f 623/623/623 624/624/624 642/642/642 
f 624/624/624 643/643/643 642/642/642 
f 644/644/644 642/642/642 645/645/645 
f 642/642/642 643/643/643 645/645/645 
f 646/646/646 645/645/645 647/647/647 
f 645/645/645 643/643/643 647/647/647 
f 625/625/625 647/647/647 624/624/624 
f 647/647/647 643/643/643 624/624/624 
f 629/629/629 630/630/630 648/648/648 
f 630/630/630 649/649/649 648/648/648 
f 639/639/639 640/640/640 650/650/650 
f 640/640/640 651/651/651 650/650/650 
f 652/652/652 653/653/653 654/654/654 
f 653/653/653 649/649/649 654/654/654 
f 631/631/631 654/654/654 630/630/630 
f 654/654/654 649/649/649 630/630/630 
f 637/637/637 638/638/638 655/655/655 
f 638/638/638 656/656/656 655/655/655 
f 657/657/657 655/655/655 658/658/658 
f 655/655/655 656/656/656 658/658/658 
f 659/659/659 658/658/658 660/660/660 
f 658/658/658 656/656/656 660/660/660 
f 639/639/639 660/660/660 638/638/638 
f 660/660/660 656/656/656 638/638/638 
f 644/644/644 645/645/645 661/661/661 
f 645/645/645 662/662/662 661/661/661 
f 663/663/663 661/661/661 664/664/664 
f 661/661/661 662/662/662 664/664/664 
f 665/665/665 664/664/664 666/666/666 
f 664/664/664 662/662/662 666/666/666 
f 646/646/646 666/666/666 645/645/645 
f 666/666/666 662/662/662 645/645/645 
f 639/639/639 650/650/650 660/660/660 
f 650/650/650 667/667/667 660/660/660 
f 659/659/659 660/660/660 668/668/668 
f 660/660/660 667/667/667 668/668/668 
f 669/669/669 670/670/670 671/671/671 
f 670/670/670 672/672/672 671/671/671 
f 652/652/652 671/671/671 653/653/653 
f 671/671/671 672/672/672 653/653/653 
f 673/673/673 674/674/674 675/675/675 
f 674/674/674 676/676/676 675/675/675 
f 677/677/677 675/675/675 678/678/678 
f 675/675/675 676/676/676 678/678/678 
f 679/679/679 678/678/678 680/680/680 
f 678/678/678 676/676/676 680/680/680 
f 681/681/681 680/680/680 674/674/674 
f 680/680/680 676/676/676 674/674/674 
f 682/682/682 683/683/683 684/684/684 
f 683/683/683 685/685/685 684/684/684 
f 567/567/567 684/684/684 566/566/566 
f 684/684/684 685/685/685 566/566/566 
f 565/565/565 566/566/566 686/686/686 
f 566/566/566 685/685/685 686/686/686 
f 687/687/687 686/686/686 683/683/683 
f 686/686/686 685/685/685 683/683/683 
f 688/688/688 689/689/689 690/690/690 
f 689/689/689 691/691/691 690/690/690 
f 579/579/579 690/690/690 578/578/578 
f 690/690/690 691/691/691 578/578/578 
f 577/577/577 578/578/578 692/692/692 
f 578/578/578 691/691/691 692/692/692 
f 693/693/693 692/692/692 689/689/689 
f 692/692/692 691/691/691 689/689/689 
f 657/657/657 658/658/658 694/694/694 
f 658/658/658 695/695/695 694/694/694 
f 696/696/696 697/697/697 698/698/698 
f 697/697/697 699/699/699 698/698/698 
f 700/700/700 698/698/698 701/701/701 
f 698/698/698 699/699/699 701/701/701 
f 659/659/659 702/702/702 658/658/658 
f 702/702/702 695/695/695 658/658/658 
f 673/673/673 703/703/703 674/674/674 
f 703/703/703 704/704/704 674/674/674 
f 681/681/681 674/674/674 705/705/705 
f 674/674/674 704/704/704 705/705/705 
f 700/700/700 705/705/705 698/698/698 
f 705/705/705 704/704/704 698/698/698 
f 696/696/696 698/698/698 703/703/703 
f 698/698/698 704/704/704 703/703/703 
f 663/663/663 664/664/664 706/706/706 
f 664/664/664 707/707/707 706/706/706 
f 708/708/708 706/706/706 709/709/709 
f 706/706/706 707/707/707 709/709/709 
f 710/710/710 709/709/709 711/711/711 
f 709/709/709 707/707/707 711/711/711 
f 665/665/665 711/711/711 664/664/664 
f 711/711/711 707/707/707 664/664/664 
f 682/682/682 712/712/712 683/683/683 
f 712/712/712 713/713/713 683/683/683 
f 687/687/687 683/683/683 714/714/714 
f 683/683/683 713/713/713 714/714/714 
f 710/710/710 714/714/714 709/709/709 
f 714/714/714 713/713/713 709/709/709 
f 708/708/708 709/709/709 712/712/712 
f 709/709/709 713/713/713 712/712/712 
f 659/659/659 668/668/668 702/702/702 
f 668/668/668 715/715/715 702/702/702 
f 716/716/716 717/717/717 718/718/718 
f 717/717/717 719/719/719 718/718/718 
f 720/720/720 718/718/718 721/721/721 
f 718/718/718 719/719/719 721/721/721 
f 669/669/669 721/721/721 670/670/670 
f 721/721/721 719/719/719 670/670/670 
f 688/688/688 722/722/722 689/689/689 
f 722/722/722 723/723/723 689/689/689 
f 693/693/693 689/689/689 724/724/724 
f 689/689/689 723/723/723 724/724/724 
f 720/720/720 724/724/724 718/718/718 
f 724/724/724 723/723/723 718/718/718 
f 716/716/716 718/718/718 722/722/722 
f 718/718/718 723/723/723 722/722/722 
f 725/725/725 726/726/726 727/727/727 
f 726/726/726 728/728/728 727/727/727 
f 729/729/729 727/727/727 730/730/730 
f 727/727/727 728/728/728 730/730/730 
f 731/731/731 730/730/730 732/732/732 
f 730/730/730 728/728/728 732/732/732 
f 733/733/733 732/732/732 726/726/726 
f 732/732/732 728/728/728 726/726/726 
f 734/734/734 735/735/735 736/736/736 
f 735/735/735 737/737/737 736/736/736 
f 738/738/738 736/736/736 739/739/739 
f 736/736/736 737/737/737 739/739/739 
f 731/731/731 739/739/739 730/730/730 
f 739/739/739 737/737/737 730/730/730 
f 729/729/729 730/730/730 735/735/735 
f 730/730/730 737/737/737 735/735/735 
f 551/551/551 552/552/552 740/740/740 
f 552/552/552 741/741/741 740/740/740 
f 742/742/742 740/740/740 743/743/743 
f 740/740/740 741/741/741 743/743/743 
f 744/744/744 743/743/743 745/745/745 
f 743/743/743 741/741/741 745/745/745 
f 553/553/553 745/745/745 552/552/552 
f 745/745/745 741/741/741 552/552/552 
f 545/545/545 547/547/547 746/746/746 
f 547/547/547 747/747/747 746/746/746 
f 591/591/591 592/592/592 748/748/748 
f 592/592/592 749/749/749 748/748/748 
f 731/731/731 732/732/732 739/739/739 
f 732/732/732 750/750/750 739/739/739 
f 583/583/583 751/751/751 581/581/581 
f 751/751/751 752/752/752 581/581/581 
f 549/549/549 753/753/753 547/547/547 
f 753/753/753 747/747/747 547/547/547 
f 729/729/729 735/735/735 754/754/754 
f 735/735/735 755/755/755 754/754/754 
f 756/756/756 754/754/754 757/757/757 
f 754/754/754 755/755/755 757/757/757 
f 758/758/758 757/757/757 759/759/759 
f 757/757/757 755/755/755 759/759/759 
f 734/734/734 759/759/759 735/735/735 
f 759/759/759 755/755/755 735/735/735 
f 725/725/725 727/727/727 760/760/760 
f 727/727/727 761/761/761 760/760/760 
f 762/762/762 760/760/760 763/763/763 
f 760/760/760 761/761/761 763/763/763 
f 756/756/756 763/763/763 754/754/754 
f 763/763/763 761/761/761 754/754/754 
f 729/729/729 754/754/754 727/727/727 
f 754/754/754 761/761/761 727/727/727 
f 756/756/756 757/757/757 764/764/764 
f 757/757/757 765/765/765 764/764/764 
f 766/766/766 764/764/764 767/767/767 
f 764/764/764 765/765/765 767/767/767 
f 768/768/768 767/767/767 769/769/769 
f 767/767/767 765/765/765 769/769/769 
f 758/758/758 769/769/769 757/757/757 
f 769/769/769 765/765/765 757/757/757 
f 762/762/762 763/763/763 770/770/770 
f 763/763/763 771/771/771 770/770/770 
f 631/631/631 632/632/632 772/772/772 
f 632/632/632 773/773/773 772/772/772 
f 766/766/766 774/774/774 764/764/764 
f 774/774/774 771/771/771 764/764/764 
f 756/756/756 764/764/764 763/763/763 
f 764/764/764 771/771/771 763/763/763 
f 775/775/775 776/776/776 777/777/777 
f 776/776/776 778/778/778 777/777/777 
f 779/779/779 777/777/777 780/780/780 
f 777/777/777 778/778/778 780/780/780 
f 781/781/781 780/780/780 782/782/782 
f 780/780/780 778/778/778 782/782/782 
f 623/623/623 642/642/642 783/783/783 
f 642/642/642 784/784/784 783/783/783 
f 631/631/631 772/772/772 654/654/654 
f 772/772/772 785/785/785 654/654/654 
f 786/786/786 787/787/787 788/788/788 
f 787/787/787 789/789/789 788/788/788 
f 779/779/779 788/788/788 777/777/777 
f 788/788/788 789/789/789 777/777/777 
f 775/775/775 777/777/777 790/790/790 
f 777/777/777 789/789/789 790/790/790 
f 779/779/779 780/780/780 791/791/791 
f 780/780/780 792/792/792 791/791/791 
f 793/793/793 791/791/791 794/794/794 
f 791/791/791 792/792/792 794/794/794 
f 795/795/795 794/794/794 796/796/796 
f 794/794/794 792/792/792 796/796/796 
f 781/781/781 796/796/796 780/780/780 
f 796/796/796 792/792/792 780/780/780 
f 786/786/786 788/788/788 797/797/797 
f 788/788/788 798/798/798 797/797/797 
f 669/669/669 671/671/671 799/799/799 
f 671/671/671 800/800/800 799/799/799 
f 793/793/793 801/801/801 791/791/791 
f 801/801/801 798/798/798 791/791/791 
f 779/779/779 791/791/791 788/788/788 
f 791/791/791 798/798/798 788/788/788 
f 802/802/802 803/803/803 804/804/804 
f 803/803/803 805/805/805 804/804/804 
f 806/806/806 804/804/804 807/807/807 
f 804/804/804 805/805/805 807/807/807 
f 808/808/808 807/807/807 809/809/809 
f 807/807/807 805/805/805 809/809/809 
f 810/810/810 809/809/809 803/803/803 
f 809/809/809 805/805/805 803/803/803 
f 693/693/693 811/811/811 692/692/692 
f 811/811/811 812/812/812 692/692/692 
f 806/806/806 813/813/813 804/804/804 
f 813/813/813 814/814/814 804/804/804 
f 802/802/802 804/804/804 815/815/815 
f 804/804/804 814/814/814 815/815/815 
f 793/793/793 794/794/794 816/816/816 
f 794/794/794 817/817/817 816/816/816 
f 818/818/818 816/816/816 819/819/819 
f 816/816/816 817/817/817 819/819/819 
f 708/708/708 820/820/820 706/706/706 
f 820/820/820 821/821/821 706/706/706 
f 795/795/795 822/822/822 794/794/794 
f 822/822/822 817/817/817 794/794/794 
f 669/669/669 799/799/799 721/721/721 
f 799/799/799 823/823/823 721/721/721 
f 720/720/720 721/721/721 824/824/824 
f 721/721/721 823/823/823 824/824/824 
f 825/825/825 826/826/826 827/827/827 
f 826/826/826 828/828/828 827/827/827 
f 793/793/793 816/816/816 801/801/801 
f 816/816/816 829/829/829 801/801/801 
f 693/693/693 724/724/724 811/811/811 
f 724/724/724 830/830/830 811/811/811 
f 802/802/802 815/815/815 831/831/831 
f 815/815/815 832/832/832 831/831/831 
f 825/825/825 831/831/831 826/826/826 
f 831/831/831 832/832/832 826/826/826 
f 720/720/720 824/824/824 724/724/724 
f 824/824/824 830/830/830 724/724/724 
f 810/810/810 803/803/803 833/833/833 
f 803/803/803 834/834/834 833/833/833 
f 708/708/708 712/712/712 820/820/820 
f 712/712/712 835/835/835 820/820/820 
f 825/825/825 836/836/836 831/831/831 
f 836/836/836 834/834/834 831/831/831 
f 802/802/802 831/831/831 803/803/803 
f 831/831/831 834/834/834 803/803/803 
f 837/837/837 838/838/838 839/839/839 
f 838/838/838 840/840/840 839/839/839 
f 841/841/841 837/837/837 842/842/842 
f 837/837/837 839/839/839 842/842/842 
f 843/843/843 841/841/841 844/844/844 
f 841/841/841 842/842/842 844/844/844 
f 845/845/845 843/843/843 846/846/846 
f 843/843/843 844/844/844 846/846/846 
f 847/847/847 845/845/845 848/848/848 
f 845/845/845 846/846/846 848/848/848 
f 849/849/849 847/847/847 850/850/850 
f 847/847/847 848/848/848 850/850/850 
f 851/851/851 849/849/849 852/852/852 
f 849/849/849 850/850/850 852/852/852 
f 853/853/853 851/851/851 854/854/854 
f 851/851/851 852/852/852 854/854/854 
f 855/855/855 853/853/853 856/856/856 
f 853/853/853 854/854/854 856/856/856 
f 857/857/857 858/858/858 859/859/859 
f 858/858/858 860/860/860 859/859/859 
f 861/861/861 857/857/857 862/862/862 
f 857/857/857 859/859/859 862/862/862 
f 863/863/863 861/861/861 864/864/864 
f 861/861/861 862/862/862 864/864/864 
f 865/865/865 863/863/863 866/866/866 
f 863/863/863 864/864/864 866/866/866 
f 838/838/838 865/865/865 840/840/840 
f 865/865/865 866/866/866 840/840/840 
f 867/867/867 868/868/868 869/869/869 
f 868/868/868 870/870/870 869/869/869 
f 869/869/869 870/870/870 871/871/871 
f 870/870/870 872/872/872 871/871/871 
f 871/871/871 872/872/872 873/873/873 
f 872/872/872 874/874/874 873/873/873 
f 873/873/873 874/874/874 875/875/875 
f 874/874/874 876/876/876 875/875/875 
f 875/875/875 876/876/876 877/877/877 
f 876/876/876 878/878/878 877/877/877 
f 877/877/877 878/878/878 879/879/879 
f 878/878/878 880/880/880 879/879/879 
f 881/881/881 882/882/882 883/883/883 
f 882/882/882 884/884/884 883/883/883 
f 883/883/883 884/884/884 885/885/885 
f 884/884/884 886/886/886 885/885/885 
f 885/885/885 886/886/886 887/887/887 
f 886/886/886 888/888/888 887/887/887 
f 887/887/887 888/888/888 889/889/889 
f 888/888/888 890/890/890 889/889/889 
f 889/889/889 890/890/890 891/891/891 
f 890/890/890 892/892/892 891/891/891 
f 891/891/891 892/892/892 893/893/893 
f 892/892/892 894/894/894 893/893/893 
f 863/863/863 865/865/865 895/895/895 
f 865/865/865 896/896/896 895/895/895 
f 861/861/861 863/863/863 897/897/897 
f 863/863/863 895/895/895 897/897/897 
f 857/857/857 861/861/861 898/898/898 
f 861/861/861 897/897/897 898/898/898 
f 858/858/858 857/857/857 899/899/899 
f 857/857/857 898/898/898 899/899/899 
f 853/853/853 855/855/855 900/900/900 
f 855/855/855 901/901/901 900/900/900 
f 851/851/851 853/853/853 902/902/902 
f 853/853/853 900/900/900 902/902/902 
f 849/849/849 851/851/851 903/903/903 
f 851/851/851 902/902/902 903/903/903 
f 847/847/847 849/849/849 904/904/904 
f 849/849/849 903/903/903 904/904/904 
f 845/845/845 847/847/847 905/905/905 
f 847/847/847 904/904/904 905/905/905 
f 843/843/843 845/845/845 906/906/906 
f 845/845/845 905/905/905 906/906/906 
f 841/841/841 843/843/843 907/907/907 
f 843/843/843 906/906/906 907/907/907 
f 837/837/837 841/841/841 908/908/908 
f 841/841/841 907/907/907 908/908/908 
f 838/838/838 837/837/837 909/909/909 
f 837/837/837 908/908/908 909/909/909 
f 865/865/865 838/838/838 896/896/896 
f 838/838/838 909/909/909 896/896/896 
f 895/895/895 896/896/896 910/910/910 
f 896/896/896 911/911/911 910/910/910 
f 897/897/897 895/895/895 912/912/912 
f 895/895/895 910/910/910 912/912/912 
f 898/898/898 897/897/897 913/913/913 
f 897/897/897 912/912/912 913/913/913 
f 899/899/899 898/898/898 914/914/914 
f 898/898/898 913/913/913 914/914/914 
f 900/900/900 901/901/901 915/915/915 
f 901/901/901 916/916/916 915/915/915 
f 902/902/902 900/900/900 917/917/917 
f 900/900/900 915/915/915 917/917/917 
f 903/903/903 902/902/902 918/918/918 
f 902/902/902 917/917/917 918/918/918 
f 904/904/904 903/903/903 919/919/919 
f 903/903/903 918/918/918 919/919/919 
f 905/905/905 904/904/904 920/920/920 
f 904/904/904 919/919/919 920/920/920 
f 906/906/906 905/905/905 921/921/921 
f 905/905/905 920/920/920 921/921/921 
f 907/907/907 906/906/906 922/922/922 
f 906/906/906 921/921/921 922/922/922 
f 908/908/908 907/907/907 923/923/923 
f 907/907/907 922/922/922 923/923/923 
f 909/909/909 908/908/908 924/924/924 
f 908/908/908 923/923/923 924/924/924 
f 896/896/896 909/909/909 911/911/911 
f 909/909/909 924/924/924 911/911/911 
f 910/910/910 911/911/911 925/925/925 
f 911/911/911 926/926/926 925/925/925 
f 912/912/912 910/910/910 927/927/927 
f 910/910/910 925/925/925 927/927/927 
f 913/913/913 912/912/912 928/928/928 
f 912/912/912 927/927/927 928/928/928 
f 914/914/914 913/913/913 929/929/929 
f 913/913/913 928/928/928 929/929/929 
f 915/915/915 916/916/916 930/930/930 
f 916/916/916 931/931/931 930/930/930 
f 917/917/917 915/915/915 932/932/932 
f 915/915/915 930/930/930 932/932/932 
f 918/918/918 917/917/917 933/933/933 
f 917/917/917 932/932/932 933/933/933 
f 919/919/919 918/918/918 934/934/934 
f 918/918/918 933/933/933 934/934/934 
f 920/920/920 919/919/919 935/935/935 
f 919/919/919 934/934/934 935/935/935 
f 921/921/921 920/920/920 936/936/936 
f 920/920/920 935/935/935 936/936/936 
f 922/922/922 921/921/921 937/937/937 
f 921/921/921 936/936/936 937/937/937 
f 923/923/923 922/922/922 938/938/938 
f 922/922/922 937/937/937 938/938/938 
f 924/924/924 923/923/923 939/939/939 
f 923/923/923 938/938/938 939/939/939 
f 911/911/911 924/924/924 926/926/926 
f 924/924/924 939/939/939 926/926/926 
f 925/925/925 926/926/926 940/940/940 
f 926/926/926 941/941/941 940/940/940 
f 927/927/927 925/925/925 942/942/942 
f 925/925/925 940/940/940 942/942/942 
f 928/928/928 927/927/927 943/943/943 
f 927/927/927 942/942/942 943/943/943 
f 929/929/929 928/928/928 944/944/944 
f 928/928/928 943/943/943 944/944/944 
f 930/930/930 931/931/931 945/945/945 
f 931/931/931 946/946/946 945/945/945 
f 932/932/932 930/930/930 947/947/947 
f 930/930/930 945/945/945 947/947/947 
f 933/933/933 932/932/932 948/948/948 
f 932/932/932 947/947/947 948/948/948 
f 934/934/934 933/933/933 949/949/949 
f 933/933/933 948/948/948 949/949/949 
f 935/935/935 934/934/934 950/950/950 
f 934/934/934 949/949/949 950/950/950 
f 936/936/936 935/935/935 951/951/951 
f 935/935/935 950/950/950 951/951/951 
f 937/937/937 936/936/936 952/952/952 
f 936/936/936 951/951/951 952/952/952 
f 938/938/938 937/937/937 953/953/953 
f 937/937/937 952/952/952 953/953/953 
f 939/939/939 938/938/938 954/954/954 
f 938/938/938 953/953/953 954/954/954 
f 926/926/926 939/939/939 941/941/941 
f 939/939/939 954/954/954 941/941/941 
f 940/940/940 941/941/941 955/955/955 
f 941/941/941 956/956/956 955/955/955 
f 942/942/942 940/940/940 957/957/957 
f 940/940/940 955/955/955 957/957/957 
f 943/943/943 942/942/942 958/958/958 
f 942/942/942 957/957/957 958/958/958 
f 944/944/944 943/943/943 959/959/959 
f 943/943/943 958/958/958 959/959/959 
f 945/945/945 946/946/946 960/960/960 
f 946/946/946 961/961/961 960/960/960 
f 947/947/947 945/945/945 962/962/962 
f 945/945/945 960/960/960 962/962/962 
f 948/948/948 947/947/947 963/963/963 
f 947/947/947 962/962/962 963/963/963 
f 949/949/949 948/948/948 964/964/964 
f 948/948/948 963/963/963 964/964/964 
f 950/950/950 949/949/949 965/965/965 
f 949/949/949 964/964/964 965/965/965 
f 951/951/951 950/950/950 966/966/966 
f 950/950/950 965/965/965 966/966/966 
f 952/952/952 951/951/951 967/967/967 
f 951/951/951 966/966/966 967/967/967 
f 953/953/953 952/952/952 968/968/968 
f 952/952/952 967/967/967 968/968/968 
f 954/954/954 953/953/953 969/969/969 
f 953/953/953 968/968/968 969/969/969 
f 941/941/941 954/954/954 956/956/956 
f 954/954/954 969/969/969 956/956/956 
f 970/970/970 971/971/971 972/972/972 
f 971/971/971 973/973/973 972/972/972 
f 974/974/974 975/975/975 976/976/976 
f 975/975/975 977/977/977 976/976/976 
f 978/978/978 979/979/979 980/980/980 
f 979/979/979 981/981/981 980/980/980 
f 982/982/982 983/983/983 984/984/984 
f 983/983/983 985/985/985 984/984/984 
f 986/986/986 987/987/987 988/988/988 
f 987/987/987 989/989/989 988/988/988 
f 990/990/990 991/991/991 992/992/992 
f 991/991/991 993/993/993 992/992/992 
f 994/994/994 986/986/986 995/995/995 
f 986/986/986 988/988/988 995/995/995 
f 996/996/996 970/970/970 997/997/997 
f 970/970/970 972/972/972 997/997/997 
f 998/998/998 981/981/981 999/999/999 
f 981/981/981 979/979/979 999/999/999 
f 1000/1000/1000 993/993/993 1001/1001/1001 
f 993/993/993 991/991/991 1001/1001/1001 
f 1002/1002/1002 994/994/994 1003/1003/1003 
f 994/994/994 995/995/995 1003/1003/1003 
f 1002/1002/1002 1003/1003/1003 1004/1004/1004 
f 1003/1003/1003 1005/1005/1005 1004/1004/1004 
f 1006/1006/1006 996/996/996 1007/1007/1007 
f 996/996/996 997/997/997 1007/1007/1007 
f 1006/1006/1006 1007/1007/1007 1008/1008/1008 
f 1007/1007/1007 1009/1009/1009 1008/1008/1008 
f 1010/1010/1010 998/998/998 1011/1011/1011 
f 998/998/998 999/999/999 1011/1011/1011 
f 1010/1010/1010 1011/1011/1011 1012/1012/1012 
f 1011/1011/1011 1013/1013/1013 1012/1012/1012 
f 1014/1014/1014 1000/1000/1000 1015/1015/1015 
f 1000/1000/1000 1001/1001/1001 1015/1015/1015 
f 1014/1014/1014 1015/1015/1015 1016/1016/1016 
f 1015/1015/1015 1017/1017/1017 1016/1016/1016 
f 1018/1018/1018 1019/1019/1019 1020/1020/1020 
f 1019/1019/1019 1021/1021/1021 1020/1020/1020 
f 1022/1022/1022 1023/1023/1023 1024/1024/1024 
f 1023/1023/1023 1025/1025/1025 1024/1024/1024 
f 1026/1026/1026 1027/1027/1027 1028/1028/1028 
f 1027/1027/1027 1029/1029/1029 1028/1028/1028 
f 1030/1030/1030 1031/1031/1031 1032/1032/1032 
f 1031/1031/1031 1033/1033/1033 1032/1032/1032 
f 1034/1034/1034 1035/1035/1035 1036/1036/1036 
f 1035/1035/1035 1037/1037/1037 1036/1036/1036 
f 1038/1038/1038 1039/1039/1039 1040/1040/1040 
f 1039/1039/1039 1041/1041/1041 1040/1040/1040 
f 1042/1042/1042 1043/1043/1043 1044/1044/1044 
f 1043/1043/1043 1045/1045/1045 1044/1044/1044 
f 1046/1046/1046 1047/1047/1047 1048/1048/1048 
f 1047/1047/1047 1049/1049/1049 1048/1048/1048 
f 1050/1050/1050 1051/1051/1051 1052/1052/1052 
f 1051/1051/1051 1053/1053/1053 1052/1052/1052 
f 1054/1054/1054 1055/1055/1055 1056/1056/1056 
f 1055/1055/1055 1057/1057/1057 1056/1056/1056 
f 1051/1051/1051 1058/1058/1058 1053/1053/1053 
f 1058/1058/1058 1059/1059/1059 1053/1053/1053 
f 1035/1035/1035 1060/1060/1060 1037/1037/1037 
f 1060/1060/1060 1061/1061/1061 1037/1037/1037 
f 1044/1044/1044 1062/1062/1062 1042/1042/1042 
f 1062/1062/1062 1063/1063/1063 1042/1042/1042 
f 1056/1056/1056 1064/1064/1064 1054/1054/1054 
f 1064/1064/1064 1065/1065/1065 1054/1054/1054 
f 1058/1058/1058 1066/1066/1066 1059/1059/1059 
f 1066/1066/1066 1067/1067/1067 1059/1059/1059 
f 1067/1067/1067 1066/1066/1066 1068/1068/1068 
f 1066/1066/1066 1069/1069/1069 1068/1068/1068 
f 1060/1060/1060 1070/1070/1070 1061/1061/1061 
f 1070/1070/1070 1071/1071/1071 1061/1061/1061 
f 1071/1071/1071 1070/1070/1070 1072/1072/1072 
f 1070/1070/1070 1073/1073/1073 1072/1072/1072 
f 1062/1062/1062 1074/1074/1074 1063/1063/1063 
f 1074/1074/1074 1075/1075/1075 1063/1063/1063 
f 1075/1075/1075 1074/1074/1074 1076/1076/1076 
f 1074/1074/1074 1077/1077/1077 1076/1076/1076 
f 1064/1064/1064 1078/1078/1078 1065/1065/1065 
f 1078/1078/1078 1079/1079/1079 1065/1065/1065 
f 1079/1079/1079 1078/1078/1078 1080/1080/1080 
f 1078/1078/1078 1081/1081/1081 1080/1080/1080 
f 1082/1082/1082 1083/1083/1083 1084/1084/1084 
f 1083/1083/1083 1085/1085/1085 1084/1084/1084 
f 1086/1086/1086 1087/1087/1087 1088/1088/1088 
f 1087/1087/1087 1089/1089/1089 1088/1088/1088 
f 1090/1090/1090 1091/1091/1091 1092/1092/1092 
f 1091/1091/1091 1093/1093/1093 1092/1092/1092 
f 1094/1094/1094 1095/1095/1095 1096/1096/1096 
f 1095/1095/1095 1097/1097/1097 1096/1096/1096 
f 1098/1098/1098 1099/1099/1099 1100/1100/1100 
f 1099/1099/1099 1101/1101/1101 1100/1100/1100 
f 1102/1102/1102 1103/1103/1103 1104/1104/1104 
f 1103/1103/1103 1105/1105/1105 1104/1104/1104 
f 1106/1106/1106 1107/1107/1107 1108/1108/1108 
f 1107/1107/1107 1109/1109/1109 1108/1108/1108 
f 1110/1110/1110 1111/1111/1111 1112/1112/1112 
f 1111/1111/1111 1113/1113/1113 1112/1112/1112 
f 1114/1114/1114 1115/1115/1115 1116/1116/1116 
f 1115/1115/1115 1117/1117/1117 1116/1116/1116 
f 1118/1118/1118 1119/1119/1119 1120/1120/1120 
f 1119/1119/1119 1121/1121/1121 1120/1120/1120 
f 1122/1122/1122 1114/1114/1114 1123/1123/1123 
f 1114/1114/1114 1116/1116/1116 1123/1123/1123 
f 1124/1124/1124 1098/1098/1098 1125/1125/1125 
f 1098/1098/1098 1100/1100/1100 1125/1125/1125 
f 1126/1126/1126 1109/1109/1109 1127/1127/1127 
f 1109/1109/1109 1107/1107/1107 1127/1127/1127 
f 1128/1128/1128 1121/1121/1121 1129/1129/1129 
f 1121/1121/1121 1119/1119/1119 1129/1129/1129 
f 1130/1130/1130 1122/1122/1122 1131/1131/1131 
f 1122/1122/1122 1123/1123/1123 1131/1131/1131 
f 1130/1130/1130 1131/1131/1131 1132/1132/1132 
f 1131/1131/1131 1133/1133/1133 1132/1132/1132 
f 1134/1134/1134 1124/1124/1124 1135/1135/1135 
f 1124/1124/1124 1125/1125/1125 1135/1135/1135 
f 1134/1134/1134 1135/1135/1135 1136/1136/1136 
f 1135/1135/1135 1137/1137/1137 1136/1136/1136 
f 1138/1138/1138 1126/1126/1126 1139/1139/1139 
f 1126/1126/1126 1127/1127/1127 1139/1139/1139 
f 1138/1138/1138 1139/1139/1139 1140/1140/1140 
f 1139/1139/1139 1141/1141/1141 1140/1140/1140 
f 1142/1142/1142 1128/1128/1128 1143/1143/1143 
f 1128/1128/1128 1129/1129/1129 1143/1143/1143 
f 1142/1142/1142 1143/1143/1143 1144/1144/1144 
f 1143/1143/1143 1145/1145/1145 1144/1144/1144 
f 1146/1146/1146 1147/1147/1147 1148/1148/1148 
f 1147/1147/1147 1149/1149/1149 1148/1148/1148 
f 1150/1150/1150 1151/1151/1151 1152/1152/1152 
f 1151/1151/1151 1153/1153/1153 1152/1152/1152 
f 1154/1154/1154 1155/1155/1155 1156/1156/1156 
f 1155/1155/1155 1157/1157/1157 1156/1156/1156 
f 1158/1158/1158 1159/1159/1159 1160/1160/1160 
f 1159/1159/1159 1161/1161/1161 1160/1160/1160 
f 1162/1162/1162 1163/1163/1163 1164/1164/1164 
f 1163/1163/1163 1165/1165/1165 1164/1164/1164 
f 1166/1166/1166 1167/1167/1167 1168/1168/1168 
f 1167/1167/1167 1169/1169/1169 1168/1168/1168 
f 1170/1170/1170 1171/1171/1171 1172/1172/1172 
f 1171/1171/1171 1173/1173/1173 1172/1172/1172 
f 1174/1174/1174 1175/1175/1175 1176/1176/1176 
f 1175/1175/1175 1177/1177/1177 1176/1176/1176 
f 1178/1178/1178 1179/1179/1179 1180/1180/1180 
f 1179/1179/1179 1181/1181/1181 1180/1180/1180 
f 1182/1182/1182 1183/1183/1183 1184/1184/1184 
f 1183/1183/1183 1185/1185/1185 1184/1184/1184 
f 1179/1179/1179 1186/1186/1186 1181/1181/1181 
f 1186/1186/1186 1187/1187/1187 1181/1181/1181 
f 1163/1163/1163 1188/1188/1188 1165/1165/1165 
f 1188/1188/1188 1189/1189/1189 1165/1165/1165 
f 1172/1172/1172 1190/1190/1190 1170/1170/1170 
f 1190/1190/1190 1191/1191/1191 1170/1170/1170 
f 1184/1184/1184 1192/1192/1192 1182/1182/1182 
f 1192/1192/1192 1193/1193/1193 1182/1182/1182 
f 1186/1186/1186 1194/1194/1194 1187/1187/1187 
f 1194/1194/1194 1195/1195/1195 1187/1187/1187 
f 1195/1195/1195 1194/1194/1194 1196/1196/1196 
f 1194/1194/1194 1197/1197/1197 1196/1196/1196 
f 1188/1188/1188 1198/1198/1198 1189/1189/1189 
f 1198/1198/1198 1199/1199/1199 1189/1189/1189 
f 1199/1199/1199 1198/1198/1198 1200/1200/1200 
f 1198/1198/1198 1201/1201/1201 1200/1200/1200 
f 1190/1190/1190 1202/1202/1202 1191/1191/1191 
f 1202/1202/1202 1203/1203/1203 1191/1191/1191 
f 1203/1203/1203 1202/1202/1202 1204/1204/1204 
f 1202/1202/1202 1205/1205/1205 1204/1204/1204 
f 1192/1192/1192 1206/1206/1206 1193/1193/1193 
f 1206/1206/1206 1207/1207/1207 1193/1193/1193 
f 1207/1207/1207 1206/1206/1206 1208/1208/1208 
f 1206/1206/1206 1209/1209/1209 1208/1208/1208 
f 1210/1210/1210 1211/1211/1211 1212/1212/1212 
f 1211/1211/1211 1213/1213/1213 1212/1212/1212 
f 1214/1214/1214 1215/1215/1215 1216/1216/1216 
f 1215/1215/1215 1217/1217/1217 1216/1216/1216 
f 1218/1218/1218 1219/1219/1219 1220/1220/1220 
f 1219/1219/1219 1221/1221/1221 1220/1220/1220 
f 1222/1222/1222 1223/1223/1223 1224/1224/1224 
f 1223/1223/1223 1225/1225/1225 1224/1224/1224 
f 1226/1226/1226 1227/1227/1227 1228/1228/1228 
f 1227/1227/1227 1229/1229/1229 1228/1228/1228 
f 1230/1230/1230 1231/1231/1231 1232/1232/1232 
f 1231/1231/1231 1233/1233/1233 1232/1232/1232 
f 1234/1234/1234 1235/1235/1235 1236/1236/1236 
f 1235/1235/1235 1237/1237/1237 1236/1236/1236 
f 1238/1238/1238 1239/1239/1239 1240/1240/1240 
f 1239/1239/1239 1241/1241/1241 1240/1240/1240 
f 1242/1242/1242 1243/1243/1243 1244/1244/1244 
f 1243/1243/1243 1245/1245/1245 1244/1244/1244 
f 1246/1246/1246 1247/1247/1247 1248/1248/1248 
f 1247/1247/1247 1249/1249/1249 1248/1248/1248 
f 1250/1250/1250 1242/1242/1242 1251/1251/1251 
f 1242/1242/1242 1244/1244/1244 1251/1251/1251 
f 1252/1252/1252 1226/1226/1226 1253/1253/1253 
f 1226/1226/1226 1228/1228/1228 1253/1253/1253 
f 1254/1254/1254 1237/1237/1237 1255/1255/1255 
f 1237/1237/1237 1235/1235/1235 1255/1255/1255 
f 1256/1256/1256 1249/1249/1249 1257/1257/1257 
f 1249/1249/1249 1247/1247/1247 1257/1257/1257 
f 1258/1258/1258 1250/1250/1250 1259/1259/1259 
f 1250/1250/1250 1251/1251/1251 1259/1259/1259 
f 1258/1258/1258 1259/1259/1259 1260/1260/1260 
f 1259/1259/1259 1261/1261/1261 1260/1260/1260 
f 1262/1262/1262 1252/1252/1252 1263/1263/1263 
f 1252/1252/1252 1253/1253/1253 1263/1263/1263 
f 1262/1262/1262 1263/1263/1263 1264/1264/1264 
f 1263/1263/1263 1265/1265/1265 1264/1264/1264 
f 1266/1266/1266 1254/1254/1254 1267/1267/1267 
f 1254/1254/1254 1255/1255/1255 1267/1267/1267 
f 1266/1266/1266 1267/1267/1267 1268/1268/1268 
f 1267/1267/1267 1269/1269/1269 1268/1268/1268 
f 1270/1270/1270 1256/1256/1256 1271/1271/1271 
f 1256/1256/1256 1257/1257/1257 1271/1271/1271 
f 1270/1270/1270 1271/1271/1271 1272/1272/1272 
f 1271/1271/1271 1273/1273/1273 1272/1272/1272 
f 1274/1274/1274 1275/1275/1275 1276/1276/1276 
f 1275/1275/1275 1277/1277/1277 1276/1276/1276 
f 1278/1278/1278 1279/1279/1279 1280/1280/1280 
f 1279/1279/1279 1281/1281/1281 1280/1280/1280 
f 1282/1282/1282 1283/1283/1283 1284/1284/1284 
f 1283/1283/1283 1285/1285/1285 1284/1284/1284 
f 1286/1286/1286 1287/1287/1287 1288/1288/1288 
f 1287/1287/1287 1289/1289/1289 1288/1288/1288 
f 1290/1290/1290 1291/1291/1291 1292/1292/1292 
f 1291/1291/1291 1293/1293/1293 1292/1292/1292 
f 1294/1294/1294 1295/1295/1295 1296/1296/1296 
f 1295/1295/1295 1297/1297/1297 1296/1296/1296 
f 1298/1298/1298 1299/1299/1299 1300/1300/1300 
f 1299/1299/1299 1301/1301/1301 1300/1300/1300 
f 1302/1302/1302 1303/1303/1303 1304/1304/1304 
f 1303/1303/1303 1305/1305/1305 1304/1304/1304 
f 1306/1306/1306 1307/1307/1307 1308/1308/1308 
f 1307/1307/1307 1309/1309/1309 1308/1308/1308 
f 1310/1310/1310 1311/1311/1311 1312/1312/1312 
f 1311/1311/1311 1313/1313/1313 1312/1312/1312 
f 1307/1307/1307 1314/1314/1314 1309/1309/1309 
f 1314/1314/1314 1315/1315/1315 1309/1309/1309 
f 1291/1291/1291 1316/1316/1316 1293/1293/1293 
f 1316/1316/1316 1317/1317/1317 1293/1293/1293 
f 1300/1300/1300 1318/1318/1318 1298/1298/1298 
f 1318/1318/1318 1319/1319/1319 1298/1298/1298 
f 1312/1312/1312 1320/1320/1320 1310/1310/1310 
f 1320/1320/1320 1321/1321/1321 1310/1310/1310 
f 1314/1314/1314 1322/1322/1322 1315/1315/1315 
f 1322/1322/1322 1323/1323/1323 1315/1315/1315 
f 1323/1323/1323 1322/1322/1322 1324/1324/1324 
f 1322/1322/1322 1325/1325/1325 1324/1324/1324 
f 1316/1316/1316 1326/1326/1326 1317/1317/1317 
f 1326/1326/1326 1327/1327/1327 1317/1317/1317 
f 1327/1327/1327 1326/1326/1326 1328/1328/1328 
f 1326/1326/1326 1329/1329/1329 1328/1328/1328 
f 1318/1318/1318 1330/1330/1330 1319/1319/1319 
f 1330/1330/1330 1331/1331/1331 1319/1319/1319 
f 1331/1331/1331 1330/1330/1330 1332/1332/1332 
f 1330/1330/1330 1333/1333/1333 1332/1332/1332 
f 1320/1320/1320 1334/1334/1334 1321/1321/1321 
f 1334/1334/1334 1335/1335/1335 1321/1321/1321 
f 1335/1335/1335 1334/1334/1334 1336/1336/1336 
f 1334/1334/1334 1337/1337/1337 1336/1336/1336 
f 1338/1338/1338 1339/1339/1339 1340/1340/1340 
f 1339/1339/1339 1341/1341/1341 1340/1340/1340 
f 1342/1342/1342 1343/1343/1343 1344/1344/1344 
f 1343/1343/1343 1345/1345/1345 1344/1344/1344 
f 1346/1346/1346 1347/1347/1347 1348/1348/1348 
f 1347/1347/1347 1349/1349/1349 1348/1348/1348 
f 1350/1350/1350 1351/1351/1351 1352/1352/1352 
f 1351/1351/1351 1353/1353/1353 1352/1352/1352 
f 1354/1354/1354 1162/1162/1162 1355/1355/1355 
f 1162/1162/1162 1356/1356/1356 1355/1355/1355 
f 1357/1357/1357 1358/1358/1358 1359/1359/1359 
f 1358/1358/1358 1360/1360/1360 1359/1359/1359 
f 1171/1171/1171 1361/1361/1361 1362/1362/1362 
f 1361/1361/1361 1363/1363/1363 1362/1362/1362 
f 1175/1175/1175 1174/1174/1174 1364/1364/1364 
f 1174/1174/1174 1365/1365/1365 1364/1364/1364 
f 1366/1366/1366 1178/1178/1178 1367/1367/1367 
f 1178/1178/1178 1180/1180/1180 1367/1367/1367 
f 1368/1368/1368 1369/1369/1369 1370/1370/1370 
f 1369/1369/1369 1371/1371/1371 1370/1370/1370 
f 1372/1372/1372 1366/1366/1366 1373/1373/1373 
f 1366/1366/1366 1367/1367/1367 1373/1373/1373 
f 1374/1374/1374 1354/1354/1354 1375/1375/1375 
f 1354/1354/1354 1355/1355/1355 1375/1375/1375 
f 1376/1376/1376 1363/1363/1363 1377/1377/1377 
f 1363/1363/1363 1361/1361/1361 1377/1377/1377 
f 1378/1378/1378 1371/1371/1371 1379/1379/1379 
f 1371/1371/1371 1369/1369/1369 1379/1379/1379 
f 1380/1380/1380 1372/1372/1372 1381/1381/1381 
f 1372/1372/1372 1373/1373/1373 1381/1381/1381 
f 1380/1380/1380 1381/1381/1381 1382/1382/1382 
f 1381/1381/1381 1383/1383/1383 1382/1382/1382 
f 1384/1384/1384 1374/1374/1374 1385/1385/1385 
f 1374/1374/1374 1375/1375/1375 1385/1385/1385 
f 1384/1384/1384 1385/1385/1385 1386/1386/1386 
f 1385/1385/1385 1387/1387/1387 1386/1386/1386 
f 1388/1388/1388 1376/1376/1376 1389/1389/1389 
f 1376/1376/1376 1377/1377/1377 1389/1389/1389 
f 1388/1388/1388 1389/1389/1389 1390/1390/1390 
f 1389/1389/1389 1391/1391/1391 1390/1390/1390 
f 1392/1392/1392 1378/1378/1378 1393/1393/1393 
f 1378/1378/1378 1379/1379/1379 1393/1393/1393 
f 1392/1392/1392 1393/1393/1393 1394/1394/1394 
f 1393/1393/1393 1395/1395/1395 1394/1394/1394 
f 1396/1396/1396 1397/1397/1397 1398/1398/1398 
f 1397/1397/1397 1399/1399/1399 1398/1398/1398 
f 1400/1400/1400 1401/1401/1401 1402/1402/1402 
f 1401/1401/1401 1403/1403/1403 1402/1402/1402 
f 1404/1404/1404 1405/1405/1405 1406/1406/1406 
f 1405/1405/1405 1407/1407/1407 1406/1406/1406 
f 1408/1408/1408 1409/1409/1409 1410/1410/1410 
f 1409/1409/1409 1411/1411/1411 1410/1410/1410 
f 1412/1412/1412 1413/1413/1413 1101/1101/1101 
f 1413/1413/1413 1414/1414/1414 1101/1101/1101 
f 1415/1415/1415 1416/1416/1416 1417/1417/1417 
f 1416/1416/1416 1418/1418/1418 1417/1417/1417 
f 1419/1419/1419 1420/1420/1420 1421/1421/1421 
f 1420/1420/1420 1108/1108/1108 1421/1421/1421 
f 1422/1422/1422 1423/1423/1423 1113/1113/1113 
f 1423/1423/1423 1112/1112/1112 1113/1113/1113 
f 1424/1424/1424 1425/1425/1425 1426/1426/1426 
f 1425/1425/1425 1427/1427/1427 1426/1426/1426 
f 1428/1428/1428 1118/1118/1118 1429/1429/1429 
f 1118/1118/1118 1120/1120/1120 1429/1429/1429 
f 1425/1425/1425 1430/1430/1430 1427/1427/1427 
f 1430/1430/1430 1431/1431/1431 1427/1427/1427 
f 1413/1413/1413 1432/1432/1432 1414/1414/1414 
f 1432/1432/1432 1433/1433/1433 1414/1414/1414 
f 1421/1421/1421 1434/1434/1434 1419/1419/1419 
f 1434/1434/1434 1435/1435/1435 1419/1419/1419 
f 1429/1429/1429 1436/1436/1436 1428/1428/1428 
f 1436/1436/1436 1437/1437/1437 1428/1428/1428 
f 1430/1430/1430 1438/1438/1438 1431/1431/1431 
f 1438/1438/1438 1439/1439/1439 1431/1431/1431 
f 1439/1439/1439 1438/1438/1438 1440/1440/1440 
f 1438/1438/1438 1441/1441/1441 1440/1440/1440 
f 1432/1432/1432 1442/1442/1442 1433/1433/1433 
f 1442/1442/1442 1443/1443/1443 1433/1433/1433 
f 1443/1443/1443 1442/1442/1442 1444/1444/1444 
f 1442/1442/1442 1445/1445/1445 1444/1444/1444 
f 1434/1434/1434 1446/1446/1446 1435/1435/1435 
f 1446/1446/1446 1447/1447/1447 1435/1435/1435 
f 1447/1447/1447 1446/1446/1446 1448/1448/1448 
f 1446/1446/1446 1449/1449/1449 1448/1448/1448 
f 1436/1436/1436 1450/1450/1450 1437/1437/1437 
f 1450/1450/1450 1451/1451/1451 1437/1437/1437 
f 1451/1451/1451 1450/1450/1450 1452/1452/1452 
f 1450/1450/1450 1453/1453/1453 1452/1452/1452 
f 1454/1454/1454 1455/1455/1455 1456/1456/1456 
f 1455/1455/1455 1457/1457/1457 1456/1456/1456 
f 1458/1458/1458 1459/1459/1459 1460/1460/1460 
f 1459/1459/1459 1461/1461/1461 1460/1460/1460 
f 1462/1462/1462 1463/1463/1463 1464/1464/1464 
f 1463/1463/1463 1465/1465/1465 1464/1464/1464 
f 1466/1466/1466 1467/1467/1467 1468/1468/1468 
f 1467/1467/1467 1469/1469/1469 1468/1468/1468 

